id	upload_date	duration_s	speakers	has_audio	title
fn3qYSVXfYE	20260825	1808		yes	Gods Will For Your Life  08 23 2026
FPdh8iemrr8	20260824	4963		no	Sunday Worship - God's Will for Your Life - 8.23.2026
_z1EOZEEWMU	20260824	3461	Doug Arney	no	Sunday Bible Class - Anxious Generation - 8.23.2026
9j4O5z3MB0I	20260823	3505	Josh Tolbert	yes	Wednesday - Bible Class - Isaiah - 8.26.2026
cDsx0MBUDOM	20260820	2238	Josh Tolbert	yes	Wednesday Night Bible Class - Isaiah - 8.19.2026
uXtNtbF_f1c	20260820	508	Josh Tolbert	yes	Wednesday Night Bible Class - Isaiah - 8.19.2026
-bdU3daYMFg	20260817	6050	Clay Gentry	no	Sunday AM - Clothed for the Kingdom - 8.16.2026
HqVflt6C07I	20260817	3366	Doug Arney	no	Sunday Bible Class - Anxious Generation - 8.16.2026
o5jETTPP_FY	20260817	2793	Clay Gentry	yes	Clothed for the Wedding Feast  08 16 2026
5szMvd3kKe4	20260813	3559	Josh Tolbert	yes	Wednesday Night Bible Class - Isaiah - 081226
6udE-wj6VcU	20260811	2492	Clay Gentry	no	Loyalty in a World of Noise  08 09 2026
dI5Y1ZLhL5o	20260810	3289	Doug Arney	no	Sunday Morning Bible Class - Anxious Generation Goes to Church - 080926
e1hi_7ajxrs	20260810	5718	Clay Gentry	no	Sunday Worship - Loyal In A World Of Noise - 080926
po_Wuun5hfc	20260806	3500	Josh Tolbert	yes	Wednesday - Bible Class - Isaiah - 8.5.2026
053i0ongKQ4	20260804	1457		yes	The Promises for Loving God  08 02 2026
25Y9Xkx1UFc	20260803	4131	Clay Gentry	no	Sunday AM Worship - The Blessings of Loving God - 8.2.2026
4TRD0KUuj6s	20260803	3291	Doug Arney	no	Sunday AM Bible Class - Anxious Generation - 8.2.2026
TTNaww8xD2k	20260801	7335		no	2026 Congregational Singing - 073126
QkvgG0DHbgI	20260730	3001	Josh Tolbert	yes	Wednesday Night Bible Class - Isaiah - 072926
3zFxgjwWXdw	20260727	2535	Clay Gentry	yes	Extraterrestrials and the Gospel
JqnPm-V1EQM	20260727	3119	Doug Arney	no	Sunday Morning Bible Class - Anxious Generation Goes to Church - 072626
ftIIj4gemlg	20260727	3885		no	Sunday PM - Singing - 7.26.2026
iw5XfH9Ealc	20260727	5500	Clay Gentry	no	Sunday AM Worship - Extraterrestrials and the Gospel - 7.26.2026
VVrQ1ZhzDyM	20260723	3424		no	Wednesday Night Bible Class - Isaiah - 7/22/26
8cMK51gtyY4	20260720	3452	Doug Arney	no	Sunday AM - Bible Class - Anxious Generation - 7.19.2026
FF7tS6ijRSc	20260720	1326	Charlie Norman	no	Sunday AM - Worship - Dominica Report - 7.19.2026
TBuP8F0mB0s	20260720	3699	Charlie Norman	no	Sunday AM - Worship - Dominica Report - 7.19.2026
5Y4SJVIUMVc	20260716	3619	Josh Tolbert	yes	Wednesday Night Bible Class - Isaiah - 7/15/26
idDlQwEJyP0	20260625	2860		no	Wednesday Night Bible Class - Isaiah 6.24.26
GN7-eaWeOfw	20260622	5301	Clay Gentry	no	Sunday Worship - The Anxious Pursuit of More - 6.21.26
UjURtn2xJ-w	20260622	2117	Clay Gentry	no	The Anxious Pursuit of Enough 06 21 2026
exa55L1hBt0	20260622	2742		no	Walking in Revelation's Seven Cities Presentation 6.21.26
D0YY5VwRY5k	20260615	4440	Clay Gentry	no	Sunday AM Worship - Changed by Communion - 6.14.2026
HTFCOOCuKGw	20260615	2949	Clay Gentry	no	Sunday Worship - The Gospel of the King - 6.14.2026
ZOu2Gis7eFQ	20260611	2846		no	Wednesday Night Bible Class - Isaiah - 6/10/26
1iUwJgpqGjo	20260608	5468	Clay Gentry	no	Sunday AM Worship - When Death met Life - 6.7.2026
pNYxMeQhcfs	20260608	2436		yes	When Death met Life  06 07 2026
s70AxJ8qftM	20260608	3334	Clay Gentry	no	Sunday Bible Class - The Gospel of the King - 6.7.2026
pfWdBSmVPuU	20260604	3143	Josh Tolbert	yes	Wednesday Bible Class - Isaiah - 6.3.2026
87N88Fxhxqo	20260601	2406	Clay Gentry	yes	The House God Built 05 31 2026
VK4ivK-SM0c	20260601	3023	Clay Gentry	no	Sunday Bible Class - Gospel of the Kings - 5.31.2026
VWnWcJfSWNA	20260601	5585	Clay Gentry	no	Sunday AM Worship - The House God Built - 5.31.2026
aZ0RtAAW_9o	20260601	3620		no	Sunday PM - Singing - 5.31.2026
rLPnP6LfqTc	20260529	1875	Clay Gentry	yes	Tear Your Heart  05 24 2026
3XmRNckdsLI	20260528	3065	Josh Tolbert	yes	Wednesday Bible Class - Isaiah - 5.27.2026
9gRR1p72Zhg	20260525	3046	Clay Gentry	no	Sunday AM Bible Class - 5.24.2026
ivr2X8qOcuE	20260525	6276	Clay Gentry	no	Sunday AM Worship - Tear Your Heart - 5.24.2026
Cz2gHfDKb1U	20260521	3293	Josh Tolbert	yes	Wednesday Bible Class - Isaiah - 5.20.2026
GIMoEO3FIZI	20260519	2030	Clay Gentry	yes	Sluggards: Wishers not Workers  05 17 2026
RymPEQj6BEs	20260518	3718	Clay Gentry	no	Sunday AM Bible Class The Gospel of the King - 5.17.2026
pnx8L2OSTEM	20260518	5097	Clay Gentry	no	Sunday Morning Worship - Sluggards: Wishers not Workers - 051726
1GAq8lNth2A	20260514	3386	Josh Tolbert	yes	Wednesday Bible Class - Isaiah - 5.13.2026
_KPf9Elu2WA	20260511	5714	Clay Gentry	no	Sunday Worship - Mary Magdalene - 5.10.2026
bv97-hV6tEk	20260511	1889		no	The Mary Magdalene Model  05 10 2026
uc0xe58KJkY	20260511	2928	Clay Gentry	no	Sunday AM Bible Class - The Gospel of the King - 5.10.2026
cdz8GddbzRU	20260507	2748	Josh Tolbert	yes	Wednesday Bible Class - Isaiah - 5.6.2026
8oo3_7x3UkI	20260504	3422		no	Sunday AM Bible Class - 5.3.2026
xyuj8eR6po0	20260504	3991	Charlie Norman	no	Sunday AM Worship - Is Jesus in Your Boat - 5.3.2026
gxMB3fiBccc	20260430	3410	Josh Tolbert	yes	Wednesday Bible Class - Isaiah - 4.29.2026
oVF78R-_2lk	20260429	1960	Clay Gentry	no	The Sin of Achan  04 26 2026
-Bh0UsdN-XM	20260427	3036	Clay Gentry	no	Sunday AM Bible Class - The Gospel of the King - 4.26.2026
cDbYJqDOwG0	20260427	5198	Clay Gentry	no	Sunday Worship - The Sin of Achan - 4.26.2026
jmHS1DE0uL8	20260427	4460		no	Sunday PM Singing - 4.26.2026
_1r1plyTZKs	20260423	3196	Josh Tolbert	yes	Wednesday Bible Class - Isaiah - 4.22.2026
1uGr5QeHbe0	20260422	1780	Clay Gentry	yes	The Sin of Reviling   04 19 26
5wj5X-BbpKA	20260420	3085	Clay Gentry	no	Sunday Bible Class - The Gospel of the King 4.19.2026
73cqoyOEEd0	20260420	4571		no	Larry Haverstock Israel Report 4.19.2026
rWlJJ-UZ3Ak	20260420	5169	Clay Gentry	no	Sunday Morning Worship - The Sin of Reviling - 041926
2CS6kMu1UCU	20260416	3319	Josh Tolbert	yes	Wednesday Bible Class - Isaiah - 4.15.2026
U13eaAYCACo	20260414	2101	Clay Gentry	yes	Learning Godly Self Talk   04 12 2026
RV9ZlNxM-CY	20260413	4936	Clay Gentry	no	Sunday Worship - Learning Godly Self-Talk - 4.12.2026
o69i7ySn1tg	20260413	3469	Clay Gentry	no	Sunday Bible Class - The Gospel of the King - 4.12.2026
PS4BDmpIGWw	20260409	3682		no	Wednesday Bible Class - Isaiah - 4.8.26
PXDBIZVAsa8	20260408	2583	Clay Gentry	yes	The Fatal IF  04 05 2026
31azt3eCEvU	20260406	3200	Clay Gentry	no	Sunday Bible Class - The Gospel of the King Lesson 1 - April 5 2026
Ga93tGX7blg	20260406	5559	Clay Gentry	no	Sunday Morning Worship - The Fatal IF: The peril of an Empty Faith - - April 5th 2026
swerQtQr-d4	20260402	3593	Clay Gentry	no	Wednesday - Bible Class - The Antioch Way - 4.1.2026
UFumQNMP2Xo	20260331	2065	Clay Gentry	yes	The Garment's Edge   3 29 2026
QDNJ4x_1yD4	20260330	3263	Charlie Norman	no	Sunday AM Worship - 1&2 Thessalonians - 3.29.2026
RiZ5fRKafvo	20260330	3770		no	Sunday PM - Singing - 3.29.2026
f2cg49ADQSg	20260330	5623	Clay Gentry	no	Sunday AM Worship - The Garment's Edge - 3.29.2026
wsFLSUHSGM8	20260326	3253	Clay Gentry	no	Wednesday Bible Class - The Antioch Way - 3.25.2026
PXCbY5j0l0I	20260323	2555	Clay Gentry	yes	Resurrection Hope  03 22 2026
_k3fVDpjcfE	20260323	3235	Charlie Norman	no	Sunday Bible Class - 1&2 Thessalonians - 3.22.2026
alqKnoyghhA	20260323	6595	Clay Gentry	no	Sunday Worship - Resurrection Hope - 3.22.2026
S9L9nMoTc7I	20260319	3722	Clay Gentry	no	Wednesday Bible Class - The Antioch Way - 3.18.2026
pL38Y-XS55U	20260318	2317		no	Following Jesus the Shepherd  3 15 2026
1nMAe-hRjUo	20260316	3346	Charlie Norman	no	Sunday AM Worship - 1&2 Thessalonians - 3.15.2026
ruybl4Q8vTo	20260316	4196	Clay Gentry	no	Sunday AM Worship - Following Jesus the Shepherd - 3.15.2026
vT5klpjsNws	20260315	73	Clay Gentry	no	Sunday AM Worship - Following Jesus the Shepherd - 3.15.2026
yJil0yPCp2Q	20260312	3656	Clay Gentry	no	Wednesday Bible Class - The Antioch - 3.11.2026
Jn6uL22aRoQ	20260310	3302	Clay Gentry	yes	The Inconvenient Lie of Later  03 08 2026
SODS4hgYnQw	20260309	6656	Clay Gentry	no	Sunday AM Worship - The Inconvenient Lie of Later - 3.8.2026
_vaXQUNjsyw	20260309	2924	Charlie Norman	no	Sunday AM Bible Class - 1&2 Thessalonians - 3.8.2026
btEDHWtYsWU	20260305	3629	Clay Gentry	no	Wednesday PM Bible Class - The Antioch Way - 3.4.2026
733LTMzvpO8	20260302	3531	Charlie Norman	no	Sunday AM Bible Class - 1&2 Thessalonians - 3.1.2026
ZLnlL-k6re0	20260302	2729	Clay Gentry	no	Looking Egyptian   03 01 2026
tPj0sRQMYx4	20260302	5849	Clay Gentry	no	Sunday AM Worship - Looking Egyptian - 3.1.2026
OIM3YC0b-z4	20260226	3659	Clay Gentry	no	Wednesday Bible Class - The Antioch Way - 2.25.2026
bhMXHPZTT9Y	20260225	2785	Clay Gentry	yes	The Origin of Clothing  02 22 2026
67tSblPkOsg	20260223	3272	Charlie Norman	no	Sunday AM Bible Class - 1&2 Thessalonians - 2.22.2026
Tit5DkLaDE8	20260223	5787	Clay Gentry	no	Sunday AM Worship - The Origin of Clothing - 2.22.2026
nGowXsGitLw	20260223	4337		no	Sunday PM - Singing - 2.22.2026
meC3-90HquA	20260219	3369	Clay Gentry	no	Wednesday Bible Class - The Antioch Way - 2.18.2026
FQQntso7U4g	20260216	3145		no	Sunday Morning Bible Class - 1 & 2 Thessalonians - 21526
FxNdVDTyPHw	20260216	5061	Clay Gentry	no	Sunday Morning Worship - Love The More Excellent Way - 021526
wBXk0WEfQug	20260216	2201	Clay Gentry	yes	Love The More Excellent Way   02 15 2026
ubwR4h3eCkk	20260212	3495	Clay Gentry	no	Wednesday PM Bible Class - The Antioch Way - 2.11.2026
A6rdziaVAic	20260210	2360	Clay Gentry	yes	Anatomy of a Disciple  02 08 2026
DjQSxLVCqI4	20260209	5263	Clay Gentry	no	Sunday AM Worship - Anatomy of a Disciple - 2.8.2026
carzUbLeAF8	20260209	3249	Charlie Norman	no	Sunday AM Bible Class - 1&2 Thessalonians - 2.8.2026
sM_UZFTfY84	20260205	3324		no	Wednesday PM Bible Class - Singing - 2.4.2026
Aki6cpb246E	20260202	3334	Charlie Norman	no	Sunday AM Bible Class - 1&2 Thessalonians - 2.1.2026
eZ7-fDxWUvA	20260202	5616	Josh Tolbert	no	Sunday Worship - Justice Mercy Grace - 2.1.2026
6CqiJLayhOY	20260122	3553	Clay Gentry	no	Wednesday Bible Class- The Antioch Way - 1.21.2026
BKH84PIOGKA	20260119	5466	Clay Gentry	no	Sunday AM Worship - The Gospel of the King and His Kingdom - 1.18.2026
muLP2WkegZg	20260119	2858	Clay Gentry	yes	The Gospel of the King and His Kingdom   01 18 2026
uxLyzi2c66g	20260119	3313		no	Sunday AM Bible Class - 1 & 2 Thessalonians - 1.18.2026
baltHBPweE4	20260115	3546	Clay Gentry	no	Wednesday Bible Class - The Antioch Way - 1.14.2026
TZv6t1CdO1Q	20260112	3365	Charlie Norman	no	Sunday AM Bible Class - 1&2 Thessalonians - 1.11.2026
p3xDXrrChYA	20260112	5314	Clay Gentry	no	Sunday AM Worship - How Long O Lord - 1.11.2026
r0-ikn-glnc	20260112	1921	Clay Gentry	no	How Long, O Lord  01 11 2026
_IkCIu2kRec	20260109	3578	Clay Gentry	no	Wednesday Bible Class - The Antioch Way - 1.7.2026
G-fXfY3rfpQ	20260105	5426	Clay Gentry	no	Sunday Worship - The Solid Rock Of Hope - Jan 4th 2026
qu71QjvcaVk	20260105	2941		no	Sunday Bible Class - I & II Thessalonians - Jan 4th 2026
vSKM2vKN0fM	20260105	2173	Clay Gentry	yes	The Solid Rock Of Hope   01 04 2026
TmhgTluWxsI	20260101	3087		no	Wednesday Fall Focus - Wisdom in Financial Commitments - 12.31.2025
25-erH8cNck	20251229	4491		no	Sunday PM Worship - Singing  Dec  28th 2026
SVGU7GjvK5c	20251229	3355	Mike Young	no	Sunday AM Bible Class - Gossip - 12.28.2025
T-xZV5LQBHE	20251229	4812	Blaine Hyle	no	Sunday AM Worship - Elder's Vision 2026
Rnj-lGkYDrI	20251225	3326	Andrew Dvorak	no	Wednesday Fall Focus - Avoiding Envy of Sinners - 12.24.2025
FQ1jB49Z8SE	20251222	4282	Clay Gentry	no	Sunday AM Worship - We Two Kings - Conflict of Crowns
HRPt0VYnVmI	20251222	3937	Tim Garrison	no	Sunday PM Worship - Jesus Savior Of Mankind - 122125
deNxeyY5deE	20251222	2934	Mike Young	no	Sunday AM Bible Class - Gossip - 12.21.2025
rjUWIGq9GKo	20251222	2373	Clay Gentry	yes	We Two Kings  12 21 2025
PNuyMXWsRdo	20251221	895	Clay Gentry	no	Sunday AM Worship - We Two Kings - Conflict of Crowns
Wtr6NWI0LOE	20251218	3409	Ben Prasser	no	Wednesday Fall Focus - The Necessity of Discipline for Children
JqN-qXP-0sM	20251215	1871	Clay Gentry	no	The Minor Prophets   12 14 2025
LWRxlahXOrE	20251215	1589	Clay Gentry	yes	Jesus Knocking at the Door   12 14 2025
TE4mSNI-rIY	20251215	3309	Mike Young	no	Sunday AM Bible Class - Gossip - 12.14.2025
VVNuFdq_p-g	20251215	3569	Clay Gentry	no	Sunday PM Worship - The Minor Prophets - 12.14.2025
WpAEv7AbYWQ	20251215	4503	Clay Gentry	no	Sunday AM Worship - The Knock at the Door - 12.14.2025
uKfGxpiqYUg	20251211	3751	J.D. Griffin	no	Wednesday - Fall Focus - Rescue the Perishing - 12.10.2025
6GSHxD4gpwk	20251208	1341	Clay Gentry	yes	In the face of Persecution  12 07 2025
JXW1u_buGI8	20251208	3803	Clay Gentry	no	Sunday PM Worship - In the face of persecution - 1207205
PTefN0HAOMQ	20251208	1945	Clay Gentry	yes	Stand Firm 12 07 2025
WqwsRaqoygo	20251208	3188	Mike Young	no	Sunday AM Bible Class - Gossip - 12/07/25
m_ReOfmnY18	20251208	5198	Clay Gentry	no	Sunday AM  Worship - Stand Firm - 12/07/25
VzVWvSt90zI	20251204	2906		no	Wednesday - Fall Focus - Enduring in Adversity - 12.3.2025
9d1QOOOyGBU	20251201	3187	Mike Young	no	Sunday AM Bible Class - Gossip - 11.30.2025
iEsEKLzZgOI	20251201	4112	Clay Gentry	no	Sunday AM Worship - Grace Peace Effort - 11.30.2025
xA3W9Cq-PyE	20251201	1280		no	Sunday PM Worship - Singing - 11.30.2025
wPpedYnfrgg	20251127	2975		no	Wednesday Bible Class - Strength in Wisdom and Counsel - 11.26.2025
8718JGbs2EY	20251124	1792	Charlie Norman	no	Sunday PM Worship - Mozambique Report - 11.23.2025
Qm1EABF1Z-4	20251124	2047	Clay Gentry	no	The Biblical Art of Feasting   11 23 2025
cRcCow8PSMk	20251124	4490	Clay Gentry	no	Sunday AM Worship - The Biblical Art of Feasting -  11.23.2025
jZnnKgU6sfA	20251124	1985	Mike Young	no	Sunday AM Bible Class -  A Lesson on Gossip - 11.23.2025
lWKLpmOqpUo	20251120	2630	Doug Arney	no	Wednesday Fall Focus - The Folly of Debating a Fool - 11.19.2025
XRqdqB9v9vY	20251117	2197	Clay Gentry	yes	Weighed in the Balances  11 16 2025
bhage4nLyGo	20251117	3375	Mike Young	no	Sunday AM Bible Class - Gossip - 11.16.2025
cVIV2DSs5ig	20251117	4381	Clay Gentry	no	Sunday AM Worship - Weighed in the Balances  - 11.16.2025
hj3Lar7tQTI	20251117	3476	Clay Gentry	no	Sunday PM Worship - Sodom Samaria and Judah - 11.16.2025
slf_i18DRgE	20251117	1658	Clay Gentry	yes	Sodom Samaria and Judah Together  11 16 2025
IkEPCd0Ri_Q	20251113	56		no	Feel Hurt, Anger, Outrage?
nMY9nHc91tw	20251113	3026		no	Fall Focus 2025 - Choosing your companions wisely
0Q-JTbBolVI	20251110	3578	Clay Gentry	no	Sunday PM Worship - Hope in Lament - 11.9.2025
9m9Te1r-1xM	20251110	1871	Clay Gentry	no	Older Son's Failure to Be His Brother's Keeper  11 09 2025
DVYexhAnJG4	20251110	3207	Mike Young	no	Sunday AM Bible Class - Gossip - 11.9.2025
IBxG_7j-EFM	20251110	5587	Clay Gentry	no	Sunday AM Worship - Older Son's Failure to Be His Brother's Keeper - 11.9.2025
tnWaqXZVkQA	20251110	1701	Clay Gentry	yes	Hope in Lament  11 09 2025
rJ95iYTUt3o	20251106	2737	Michael Fedders	no	Fall Focus Series - Don't Fret Over Evildoers; Their End is Ruin - 110525
uHlTwGkk93g	20251104	75		no	Online Hate vs Real Life
ET7_cZvKPKA	20251103	2682	Clay Gentry	yes	The Salvation of Noah's Family  11 02 2025
LVgA1o9RARA	20251103	5702	Clay Gentry	no	Sunday AM Worship - The Salvation of Noah's Family
fKHIeZTcII8	20251103	3859	Clay Gentry	no	Sunday PM Worship - After the Crisis - 11.2.2025
tvqQocmtBw0	20251103	3655	Mike Young	no	Sunday AM Bible Class - 11.2.2025
zyS6BT19I88	20251103	2030	Clay Gentry	yes	After the Crisis  11 02 2025
UzRgDpxkLRw	20251102	73		no	Evil Isn't Just Murder
92WwLACM5R4	20251030	70		no	Overcome Evil with Good
lk2NjsFO4CI	20251030	2805		no	Wednesday Bible Class - Fall Focus - Fear God and Honor Authority - 10.29.2025
A2NIBaQsnR4	20251028	64		no	World in Chaos?!
4ILP7RPQx2U	20251027	4084		no	Sunday PM Singing - 10262025
UtyRld7lIvU	20251027	2687	Mike Young	no	Sunday Bible Class - Gossip - 10262025
lzuiuqG0vEE	20251026	75		no	Lazarus and the Rich Man!
5U5Y5dBwZ_0	20251023	85		no	Is Your Faith Real?
b0kYj-nyAaU	20251023	2019	Clay Gentry	no	Fasting in the NT  10 19 2025 (Lesson 3)
c4QPmZjhDH8	20251023	3682	Clay Gentry	no	Wednesday Fall Focus - New Testament Fast: Power, Prayer, & Preaching 102225
l1-kJxw8UEg	20251023	2789	Clay Gentry	no	Fasting Done Right and Wrong 10 22 2025 (Lesson 4)
qYARA43bUQQ	20251023	2111	Clay Gentry	yes	Fasting in the OT 10 19 2025 (Lesson 2)
zHTkSIwHSCE	20251023	2875	Clay Gentry	yes	Fasting More than No Food 10 19 2025 (Lesson 1)
KL-o_hfM3Jk	20251021	48		no	Your Wake Up Call!
65_bHxaBxfQ	20251020	3023		no	Sunday AM Bible Class - 10.19.2025
YMpRMGlxyt4	20251020	5424	Clay Gentry	no	Sunday AM Worship - Power Prayer and Preaching - 10.19.2025
vVu1tYDBZqY	20251020	3832	Clay Gentry	no	Sunday Evening Worship - New Testament Fast: Power, Prayer, & Preaching 101926
TdMwNs_mqJQ	20251019	66		no	Repentance Is Not Enough!
0TU7R3vJifo	20251016	3335	Josh Tolbert	yes	Wednesday - Fall Focus - Avoiding Vengeance - 10.15.2025
liy6mfkkTW8	20251016	66		no	True Repentance!
lSzw--Ekmnk	20251014	2287	Clay Gentry	no	Isaiah 53 and Ethiopian Eunuch  10  12  2025
toW7BZMisFc	20251014	70		no	Jonah's Wild Ride
yrWFmceybN0	20251014	1430	Clay Gentry	yes	Move the Stone, See the Glory  10  12  2025
8XRvYYzW-QE	20251013	3297	Mike Young	no	Sunday AM Bible Class - Gossip - 10.12.2025
YNfQ8vS1Hyg	20251013	4673	Clay Gentry	no	Sunday AM Worship - Remove The Stone See the Glory - 10.12.2025
aiqhPEHz0uw	20251013	4115	Clay Gentry	no	Sunday PM Worship - Isaiah 53 - 10.12.2025
iDC82RPoxi8	20251012	31		no	Be Like a Cedar!
L0XrBprk2W0	20251009	3203	Drew Norman	no	Fall Focus - Protecting the Vulnerable - 10.8.25
P7khYsDWl28	20251009	88		no	Kindness to the Least!
LqhRXDmWTgM	20251007	1749		yes	Taste and See  10 05 2025
fN5hpSFdEqk	20251007	81		no	God Sees Everything!
3BwOr84FrOQ	20251006	3458	Mike Young	no	Sunday Bible Class - The Sin of Gossip - 10.05.2025
6dXZMlUfEs8	20251006	3644		no	Sunday Evening Worship - Taste and See - 10.05.2025
529uaB8hX0M	20251005	87		no	Crying Over Sins!
raeRSB34KIg	20251002	3249	Ben Prasser	no	Wednesday Bible Class - Sermon on Mars Hill - 10.01.2025
z7p84LFO7zY	20251002	81		no	Weep Together, Rejoice Together!
_9yuTRxcxi0	20250930	2000	Clay Gentry	yes	I Forgive You   9 28 2025
o6jzQGWqqbE	20250930	70		no	Why Its Okay Isn't the Answer!
5gaTqVd9r3k	20250929	5040	Clay Gentry	no	Sunday AM Worship - I Forgive You - 9.28.2025
qzoCYZBjpNw	20250929	3349	Blaine Hyle	no	Sunday AM Bible Class - Luke - 9.28.2025
vZj2DC8Bsko	20250929	3728		no	Sunday PM Worship - Singing - 9.28.2025
2wWm_rhgSHg	20250928	80		no	Twisting Truth?
5PcY-HDerF8	20250925	3400	Ben Prasser	no	Wednesday Bible Class - Paul's Sermon on Mars Hill - 9.24.2025
GHOA02ptibw	20250925	27		no	Ashamed of the Cross?
BhS2dZXk320	20250923	1401	Clay Gentry	yes	A Time for Everything  9 21 2025
Qp9dbmTY0P4	20250923	66		no	Boast in God's Grace!
NRYRtwmc534	20250922	2839	Clay Gentry	no	Sunday AM Worship - Can You Really Lose Your Salvation? - 9.21.2025
faYKVvkoMZY	20250922	3195	Blaine Hyle	no	Sunday AM Bible Class - Luke - 9.21.2025
g0Qb0ueG0ps	20250922	2717	Clay Gentry	no	Sunday PM Worship - A Time for Everything - 9.21.2025
ZNvYgLXpdOg	20250920	69		no	Gratitude: The Unexpected Secret Weapon Against Stress!
BrPTuD0pRw0	20250918	59		no	Reverent Worship!
jU6HCaQoD24	20250918	3230	Ben Prasser	no	Wednesday Bible Class - Paul's Sermon on Mars Hill - 9.17.2025
7ux2MCzwk-w	20250916	1796	Clay Gentry	no	Repeated Proverbs  9 14 2025
iRj_97knwC4	20250916	42		no	Worship Beyond Walls!
r4xBfUiJdB8	20250916	2758	Clay Gentry	yes	Overcome Evil with Good  9 14 2025
1wcjpuhmI5I	20250915	3874	Clay Gentry	no	Sunday PM - Repeated Proverbs - 9.14.2025
N06oy1QdkQk	20250915	5640	Clay Gentry	no	Sunday AM Worship - Overcome Evil with Good - 9.14.2025
SFC9U3CEVbI	20250915	3373	Blaine Hyle	no	Sunday AM Bible Class - Luke - 9.14.2025
5xddbtC2y8A	20250914	40		no	There is No Middle Ground, It's a Binary Choice!
ZUBIRY5yIX4	20250913	3255	Ben Prasser	no	Wednesday - Bible Class - Paul's Sermon on Mars Hill
W93Byrg5oiw	20250911	87		no	Will You Stand Firm or Be Swept Away?
VyF2smVRlhg	20250910	2194	Clay Gentry	yes	Is Your Faith in a Box?  9 7 2025
l5qn3Bgvizo	20250910	1686	Clay Gentry	yes	God's Word A-Z  9 7 2025
OcN_-RQHm1U	20250909	58		no	Am I on the Road to Ruin?
J102pC-7SpM	20250908	3263	Clay Gentry	no	Sunday PM - God's Word A-Z - 9.7.2025
g_3a9szEz0A	20250908	3228	Blaine Hyle	no	Sunday AM Bible Class - Luke - 9.7.2025
mEWggZMf3yc	20250908	5100	Clay Gentry	no	Sunday AM Worship - Is Your Faith in a Box - 9.7.2025
M6Vp-YaGtO4	20250907	66		no	Your Inner Prodigal!
hlVM27pL6G4	20250904	62		no	Stop Riding Grandma's Faith!
oGPJTocT5HY	20250904	3377	Ben Prasser	no	Wednesday Bible Class - Paul's Sermon on Mars Hill - 9.3.2025
hIUQjwWwLzQ	20250902	65		no	Don't Pray Like That!
mVODg1E32B8	20250902	2298	Clay Gentry	yes	Abba Father  8 31 2025
K5GDDgOiag8	20250901	5481	Clay Gentry	no	Sunday AM Worship - Abba Father - 8.31.2025
bG3X2HuvbH8	20250901	3366	Blaine Hyle	no	Sunday AM Bible Class - Luke - 8.31.2025
wvrGx5yeZSs	20250901	4329		no	Sunday PM - Singing - 8.31.2025
N_w7xYdFIeU	20250831	49		no	Don't Miss Out Like Jehoash!
FVlF09hVPi8	20250828	3442	Ben Prasser	no	Wednesday Bible Class - Paul's Sermon on Mars Hill - 8.27.2025
Yxzq9tg2OeQ	20250828	28		no	Your Mission to Read, Understand and Preach!
0uhZAsJOKPI	20250827	2485	Clay Gentry	yes	The Father's Embrace   8 24 2025
98YrfP5uqHU	20250827	1978	Clay Gentry	yes	David and Doeg   8 24 2025
khNR5YmZYDY	20250826	65		no	A Reward for  Loyalty and Faithfulness!
C81IBjKC-HY	20250825	5886	Clay Gentry	no	Sunday Morning Worship - The Father's Embrace - 082425
uCpzRfbD2CE	20250825	4536	Clay Gentry	no	Sunday Evening Worship - David and Doeg - 082425
vkIjMY_iSbk	20250825	3315	Blaine Hyle	no	Sunday Morning Bible Class- Intro to Revelation - 8/24/25
0QWFqlMBSoU	20250824	26		no	Don't Let Fear Ruin Your Destiny!
FA0jZNNoE1Y	20250821	1576	Clay Gentry	yes	Accepting God's Forgiveness  8 17 2025
Yr6kODR175o	20250821	3368	Ben Prasser	no	Wednesday Bible Class - Paul's Sermon on Mars Hill - 8.20.2025
stcxrkqxXo4	20250821	89		no	Would I Suffer Shame to Follow Jesus?
plGtgOmDUIA	20250819	66		no	Jeroboam's Shocking Sin!
wxuD_TGVPeE	20250819	2775	Clay Gentry	yes	The Great Chasm   8 17 2025
FAlpEyOMBZU	20250818	3656	Clay Gentry	no	Sunday PM Worship - 8.17.2025
rCPT-w6eJEQ	20250818	5322	Clay Gentry	no	Sunday AM Worship - The Great Chasm - 8.17.2025
zNeO4Bmhwt8	20250818	3477	Blaine Hyle	no	Sunday AM Bible Class - Luke - 8.17.2025
wc_MiorDVys	20250817	47		no	Why Do I Really Need the Armor of God?
50OaKIGRBn4	20250814	2074	Ben Prasser	no	Wednesday Bible Class - Paul's Sermon on Mars Hill - 8.13.2025
kK7fl3E15Iw	20250814	1189	Ben Prasser	no	Wednesday Bible Class - Paul's Sermon on Mars Hill - 8.13.2025
xO4gmH3GxuI	20250814	28		no	Do I Fight Back or Fall Back?
UWjrspMu8fg	20250812	58		no	Feel Like You're About to Break?
-6BmzrlycUY	20250811	2406	Clay Gentry	no	PigSty Epiphany   8 10 2025
XMmPoNb6bNg	20250811	1606	Clay Gentry	yes	Like a Tree  8 10 2025
l7fT4DaGIt4	20250811	3306	Blaine Hyle	no	Sunday AM Bible Class - Luke - 8.10.2025
tAIu1caxUxM	20250811	3809	Clay Gentry	no	Sunday PM Worship - Like a Tree - 8.10.2025
wD6L4oZ79H8	20250811	5835	Clay Gentry	no	Sunday AM Worship - PigSty Epiphany - 8.10.2025
6_zPl6ktK4w	20250810	56		no	Do I Fight with Faith or Freeze in Fear?
hdEba79u3VM	20250809	62		no	Radical Generosity in Poverty!
1Wk8TH_2ekI	20250807	3120	Ben Prasser	no	Wednesday Bible Class - Paul's Sermon on Mars Hill - 8.6.2025
hr5dYs25gzE	20250807	61		no	Am I Playing or Fighting for My Faith?
QCN5od1Zw34	20250805	50		no	Am I Trying to do Life on My Own?
AOlPjMSvA0M	20250804	4918	Clay Gentry	no	Sunday AM Worship - Our All Seeing God - 8.3.2025
_zlS2UNLsFg	20250804	3836	Clay Gentry	no	Sunday PM Worship - When Comfort Hurts - 8.3.2025
jI0TBNHqtec	20250804	3272	Blaine Hyle	no	Sunday AM Bible Class - Luke - 8.3.2025
pXRXLDLyNis	20250804	2374	Clay Gentry	yes	When Comfort Hurts  8 3 2025
sMPIjUPdPlY	20250804	1845	Clay Gentry	yes	Our All Seeing God  8 3 25
5Q-Frkqop9E	20250802	47		no	Is My Faith in Jesus?
AIZZ9qGY0cM	20250731	68		no	What am I doing to Equip the Next Generation?
Wxax3y1RJ5k	20250731	3326	Ben Prasser	no	Wednesday Bible Class - Paul's Sermon on Mars Hill - 7.30.2025
pDQdNxuUs5g	20250729	59		no	Do I Want to Dwell With, or Apart from Him?
xJeyp8IMhNM	20250729	1348	Clay Gentry	yes	Crying Church or Dying Church  7 27 25
zveQ9xwZN2s	20250729	1856	Clay Gentry	yes	Boasting in the Cross of Christ   7 27 25
MBrHdBKo0DY	20250728	4499	Clay Gentry	no	Sunday AM Worship - Boasting in the Cross of Christ - 7.27.2025
U_E1cf3P3zE	20250728	3137	Blaine Hyle	no	Sunday AM Bible Class - Luke - 7.27.2025
cSeWTugfqKM	20250728	3284	Clay Gentry	no	Sunday PM - Crying Church or Dying Church - 7.27.2025
evWv2A36BJM	20250727	42		no	Is it Time to Check my Spiritual Pantry?
S0qCpTCvqds	20250726	118		no	Is the Resurrection Your Blueprint for Hope Today?
yleCAucNR1g	20250726	6607		no	Gospel Singing - 2025
HQrd7Nw_tS0	20250724	101		no	How Do I Know There Will Be a Judgement Day?
O-pWWmym_rM	20250724	3659	Ben Prasser	no	Wednesday Bible Class - Pauls Sermon on Mars Hill
loJNj80vboI	20250722	2785		yes	The Gravity of Gratitude 7 21 25
pZUGTqLY4Ps	20250722	65		no	Who Is My Advocate?
GTYZuXoJQG8	20250721	5867		no	Sunday AM Worship - The Gravity of Gratitude - 7.20.2025
Q9BYFJHciY0	20250721	3301	Blaine Hyle	no	Sunday AM Bible Class - Luke - 7.20.2025
qaglWhhFsLE	20250721	1659	Charlie Norman	no	Sunday PM - Dominica Report - --7.20.2025
w-AzjG4wIEU	20250721	1731	Charlie Norman	no	Sunday PM - Dominica Report - 7.20.2025
rPAJPDK7iZw	20250720	95		no	Do I React with Anger or Reason?
Zrk43S-YjTY	20250719	59		no	Do I Jump to Conclusions?
S6EvNmO12Vk	20250717	2071	Clay Gentry	no	Wednesday Bible Class - Pauls Sermon on Mars Hill - 7.16.2025
nDXvoBVUG6U	20250717	1301	Clay Gentry	no	Wednesday Bible Class - Pauls Sermon on Mars Hill - 7.16.2025
vTFTOpqV_lI	20250717	50		no	Which Voice Will I Focus On?
MUAa8hZuoac	20250715	111		no	Do I Let the Weight of My Burden Define Me?
GUBaPiCAniQ	20250713	59		no	Am I Ready to Run?
lGL2w5gaZjw	20250712	46		no	Which Prayer Reflects My Heart?
6hbynZurzX8	20250710	2915	Ben Prasser	no	Wednesday - Bible Class - 7.9.2025
D4LhTMVwigA	20250710	63		no	Different Spirit, Different Destination!
k0_8biGnZaM	20250708	1964		yes	Solomon's Public Prayer   7 6 2025
luP_V9bzXIY	20250708	41		no	Don't Shrink, Step up!
oUb_QQCh278	20250708	2787		yes	The Pattern Within the Waters   7 6 2025
hfQmvFIDUMk	20250707	5900		no	Sunday AM - The Pattern Within the Waters - 7.6.25
miOX55fkvTc	20250707	3879		no	Sunday PM - Solomon's Public Prayer - 7.6.25
u5_kYB3EnmM	20250706	82		no	Connected, Yet Isolated?
9cTr5zcTlTg	20250705	61		no	Is Isolation Growing My Fears?
SHLv5DoRtkU	20250703	4759		no	Wednesday VBS - 2025
TI6xDGnGdCg	20250703	42		no	Do I Know My Shepherd?
ms0y0_wRKrg	20250703	2821		yes	Evangelism   Receiving New Converts  7 2 2025
HC1VThzwSUQ	20250702	4908		no	Tuesday - VBS - 7.1.2025
LTXl23Wpyos	20250702	3011		yes	Evangelism (Learning to Ask Questions) 7 1 2025
XwLSbSUGpc0	20250701	90		no	Why Does God Allow Trials?
Yvoyk_IMhiA	20250701	4092		no	Monday VBS - 6.30.2025
_2KFK5AqPoo	20250701	2358		yes	Strengthened by Grace 6 30 2025
4TLv6sQtu9I	20250630	3452		no	Sunday PM - VBS - Our Need for Hope - 6.29.2025
J1WwflgfTG0	20250630	3551		no	Sunday AM Bible Class - Navigating a Secular Age - 6.29.2025
kdqRFIursn4	20250630	5010		no	Sunday AM Worship - Our Need for Meaning - 6.29.2025
tJEPVTKYGhg	20250630	1883		yes	Our Need for Meaning  6 29 2025
zoCjioXbFtY	20250630	1926		yes	Our Need for Hope  6 29 2025
ei0FTyIQcF4	20250629	98		no	Am I a Victim, or a Victor in Christ?
VIj4jeCY-ZQ	20250628	67		no	Word Equipped: Am I Ready for the Real Fight?
D4s6y3RmZmU	20250626	46		no	Love Grace Mercy and Protection!
nZ5PEM0F9d4	20250626	3338		no	Wednesday Bible Class - Statements of Jesus - 6.25.2025
wXKCIJoVu8Y	20250624	79		no	What Happens When Temptation Finds Me Anyway?
5gAAwpHcAIc	20250623	5856	Clay Gentry	no	Sunday AM  Worship - The Prodigal's Road to Ruin
NBhPW1fE1VQ	20250623	3447	Doug Arney	no	Sunday AM Bible Class - The Barnabas Factor - 6.22.2025
eqYiwIujol8	20250623	4870		no	Sunday Evening Worship - Kings & Chronicles: Manasseh the Prodigal - 062225
ssTYu8OuUmc	20250623	3003		yes	Kings & Chronicles: Manasseh the Prodigal  6 22 2025
vt0TFD5qOOU	20250623	2282	Clay Gentry	yes	The Prodigal's Road to Ruin 6 22 2025
b8Wi7zQj6pM	20250622	61		no	Am I Spiritually Drowsy?
4eHN-Uttfuo	20250621	61		no	Am I Missing God's Sufficiency?
8WRnlp8nCwQ	20250619	2870		no	Wednesday PM Bible Class - Statements of Jesus - 6.18.2025
mQufc9JMcfk	20250619	99		no	What's the Secret to Finding God Today?
Z3RE-XCJXRk	20250616	5748		no	Sunday AM Worship - Baruch's Dilemma - 6.15.2025
hPHbIanMFZ8	20250616	3154	Doug Arney	no	Sunday AM Bible Class - The Barnabas Factor - 6.15.2025
hRs__Xlnk0U	20250616	1681		yes	Jehoash, A Half Hearted King  06 15 2025
hcpmATPkUGA	20250616	4025	Clay Gentry	no	Sunday PM Worship - Jehoash - A Half-Hearted King - 6.15.2025
xoysfCkTekw	20250616	2610		yes	Baruch's Dilemma  6 15 2025
nUY4XEI9G4M	20250615	56		no	Am I United to Jesus?
qa6QdQeH2Sc	20250614	39		no	Is HE everything to ME?
5OVqdsaxq6E	20250612	3222		no	Wednesday PM Bible Class - Statements of Jesus - 6.11.2025
8Z5zQ970orY	20250612	51		no	Am I following Jesus Like a Part Time Gig?
hBvRE0o1CuY	20250610	63		no	Am I Just Casually Pursuing God?
JRzIqtVSV4M	20250609	1947	Clay Gentry	yes	Jeroboam's Golden Calves  6 8 25
NEEhH8c9T2M	20250609	3354	Clay Gentry	no	Sunday Evening Worship - Jeroboam's Idols  060825
NjzbRDi6h4o	20250609	5225	Clay Gentry	no	Sunday AM Worship - Faith in Gods Faithfulness - 6.8.2025
W0x1mzl591c	20250609	3226	Doug Arney	no	Sunday AM Bible Class - The Barnabas Factor - 6.8.2025
XYBZCQPnD_g	20250609	1657	Clay Gentry	yes	Faith in God's Faithfulness  6 8 2025
lSNBzPN5QC8	20250608	82		no	Am I Just Sweeping Sin Under the Rug?
XVdn3xsCc7Y	20250607	56		no	Am I united to Jesus
AqZuW6rLHfk	20250605	1601		no	Wednesday PM Bible Class - Statements of Jesus - 6.04.2025
7X3gK33sHgA	20250604	2034		yes	A Discerning Heart   6 01 2025
M7G_aDhAYUs	20250604	1358		yes	God's Standard of Giving   6 1 2025
k-eEOO9RbWc	20250604	43		no	Have I Forgotten my Kingdom Assignment?
X58GxRpy27g	20250603	102		no	Am I excited to share my faith
9_1D-uXndHw	20250602	3511		no	Sunday Bible Class - Barnabas Factor 6.1.2025
Sf7_LPDm5kE	20250602	4195		no	Sunday AM - Increasing our giving standard - 6.01.2025
ZY7qFiMNjNI	20250602	4048		no	Sunday PM - A Discerning Heart - 6.1.2025
tZ-74JFaQq0	20250602	79		no	Will I Live Joyously for a Holy God?
Ztq3OEL3vPs	20250601	64		no	What must I do to be saved?
gCiZAIyMaGo	20250531	43		no	Do I Share My Faith Effectively?
f2nkhZwVtHg	20250529	102		no	Am I Excited to Share My Faith?
qV5qRCrlzkk	20250529	3482		no	Wednesday PM - Statements of Jesus - 5.28.2025
ol_QPT0t9Qc	20250528	22		no	Do My Actions Mirror Divine Virtues?
X1IDP26v5TQ	20250527	48		no	Plant. Water. Watch God work!
vvV0YAprB3E	20250527	2032	Clay Gentry	yes	The Glory of God's Joy   5 25 2025
4wEEqkCUFsQ	20250526	2763	Charlie Norman	no	Sunday AM Bible Class - The Barnabas Factor - 5.25.2025
T2E9aeywNu8	20250526	4215		no	Sunday PM - Singing - 5.25.2025
fsZDXFItQZA	20250526	37		no	Am I Truly Christ's Ambassador?
z7oPXJJ2emw	20250526	5341	Clay Gentry	no	Sunday AM Worship - The Glory of Gods Joy - 5.25.2025
FfrJtUXbajk	20250525	211	Charlie Norman	no	Sunday AM Bible Class - The Barnabas Factor - 5.25.2025
hI3VbH1mTWU	20250525	25		no	Am I Willing to Share My Story?
S75XI0zc698	20250524	42		no	Is My Walk Matching My Talk?
n4aQXHbmsf4	20250523	87		no	How Do We Praise God's Holy Name?
_Xa1GDlM4LE	20250522	3273		no	Wednesday Night Bible Class - Statements Of Jesus - 052125
wcnirWY5vuk	20250522	42		no	Can I Trust God's Promises?
0COQIoQE3Z8	20250521	52		no	Kingdom Honor: Do I Reflect Enough?
FwK-Q3tha3s	20250520	17		no	Choose: Walls or Tables?
7qKPmHiKRS4	20250519	1909		yes	Ambassadors for Christ  5 18 2025
L0H4Oli0C9g	20250519	3445	Doug Arney	no	Sunday AM Bible Class - The Barnabas Factor - 5.18.2025
h-un6lVtsRo	20250519	4166	Clay Gentry	no	Sunday PM Worship - Grace in Wrath - 5.18.2025
nFJatXX7vWM	20250519	4832		no	Sunday AM Worship - Ambassabors For Christ - 5.18.2025
zRNJPUliuMc	20250519	2313	Clay Gentry	yes	Uzziah and God's Holiness  5 18 2025
PH1V0gnLyn0	20250518	28		no	Is My Hospitality Jesus Style?
kcxu3Uy0D_g	20250517	39		no	Am I Ready to Love Like Jesus?
KVtmN8R4kr0	20250515	83		no	Am I Opening My Heart to Help Others?
pky0oY86unI	20250515	3472		no	Wednesday Night Bible Class- Statements Of Jesus - 051425
OtR24YuSoYU	20250513	2370	Clay Gentry	yes	Samuel's Death, David's Crossroads  5 11 2025
roivyY7kCOA	20250513	87		no	Is My Love a Pale Imitation of the Real Thing?
vXIE0sEHLCY	20250513	2021		yes	Naomi From Bitterness to Blessing  5  11 2025
04NFi9iU8oo	20250512	2929	Doug Arney	no	Sunday AM Bible Class - The Barnabas Factor - 5.11.2025
o_Xlf59aX44	20250512	5576		no	Sunday AM Worship - Naomi-From Bitterness to Blessing - 5.11.2025
tIYp7pfDlp0	20250512	4283	Clay Gentry	no	Sunday PM Worship - Samuel's Death, David'sCrossroads - 5.11.2025
ozRJjkMn1ow	20250511	46		no	Am I Loving Truthfully?
JYshT4QQo38	20250510	51		no	Am I Following Jesus like a Part-Time Gig?
IS4eahkkas8	20250508	3224		no	Wednesday PM Worship - Statements of Jesus - 5.7.2025
OtlVeJcjNJY	20250508	58		no	Am I choosing God or other 'gods'?
cO7xacWgVYA	20250506	2196		yes	Rejecting and Requesting a King  5  4  2025
o4QLfM1LeZ8	20250506	49		no	Am I Under the Influence of the Holy Spirit?
3uhvCcUiOv8	20250505	3122	Doug Arney	no	Sunday Morning Bible Class - The Barnabas Factor - 050425
LVlTtUrzBAA	20250505	3907		no	Sunday Evening Worship - Rejecting & Requesting a King - 050425
NMou1CixJB0	20250505	2225	Clay Gentry	yes	Spirit Filled  5 4 2025
miGPDTs1m-4	20250505	5338	Clay Gentry	no	Sunday Morning Worship - Ephesians 5:15-21 5/4/25
NGUhM14zMuA	20250504	58		no	Is My Spiritual Journey a Solo Adventure?
5s8s-zGFQYw	20250503	56		no	Do I Live Like I Own Myself?
rFeKbbhoAiA	20250501	43		no	What is My Price Tag?
u5UftPxBwV0	20250501	2737		no	Wednesday Bible Class - Statements of Jesus - 4.30.2025
1kZYrY50BPI	20250429	98		no	Is My Heart Truly Sound?
IZzp043J72w	20250428	3330	Doug Arney	no	Sunday AM Bible Class - The Barnabas Factor - 4.27.2025
K52BykoSja8	20250428	2145		yes	The Fruit of a Spirit  4 27 2025
PYNqO_RxSYY	20250428	3921		no	Sunday Evening Worship - Singing - 4/27/25
tF2RYH7T6vM	20250428	4235		no	Sunday AM Worship - The Fruit of a Spirit - 4.27.2025
VFPd-lMVzQY	20250427	95		no	His Standards or My Own?
FhEzK6lGmTw	20250426	53		no	Am I Responding to God's Love or Earning It?
AqLWwIik-3c	20250424	3201		no	Wednesday PM Bible Class - Statements of Jesus - 4.23.2025
qfBMn8e3bpE	20250424	68		no	It's Not Just About the Manna!
F3DaRm7rIxc	20250422	42		no	They Deserved Punishment, but got THIS instead...
Nq0jgWbkQSU	20250421	2456		yes	A Failure to Conquer  4 20 2025
UyykpIYubyE	20250421	3331	Doug Arney	no	Sunday AM Bible Class - The Barnabas Factor - 4.20.2025
YsnViQXjRdo	20250421	1610	Clay Gentry	yes	The Pattern of Resurrection  4 20 2025
rNKlkRiodJ4	20250421	4269		no	Sunday PM Worship - A Failure to Conquer - 4.20.2025
wY7EblI7QEY	20250421	3894	Clay Gentry	no	Sunday AM Worship - The Pattern of Resurrection - 4.20.2025
EtRYtIokkp8	20250420	140		no	Am I Just Going Through the Motions?
PNfeNRnN940	20250420	34		no	Am I Hungry for More in Life?
TEjkdHlvoXk	20250418	32		no	Am I Spiritually Hungry?
E6lk_xnbkb0	20250417	2657		no	Wednesday Bible Class - Statements of Jesus - 4.16.2025
ONjsV64qRqs	20250417	46		no	Feeling Weary in Your Faith Journey?
INeVv3HumrI	20250415	104		no	Am I living as God's Image?
BlFljxOeWpk	20250414	2495	Clay Gentry	yes	Whatever It Takes  4 13 2025
KsTCrMT0ZGM	20250414	4307	Clay Gentry	no	Sunday Evening Worship - Jumping to Conclusions - 041325
Nn14LfHiYkY	20250414	5488	Clay Gentry	no	Sunday AM Worship - Whatever it takes - 4.13.2025
OglxxmnZq2g	20250414	3445	Doug Arney	no	Sunday AM Bible Class - The Barnabas Factor - 4.13.2025
vIPxNT7-XaQ	20250414	1877	Clay Gentry	no	Jumping to Conclusions  4 13 2025
CZ59ib3yWs0	20250410	635		no	Wednesday PM - Bible Class - Statements of Jesus -     4.9.2025
ZQ_nEJ5f6a8	20250410	35		no	The REAL Reason to Avoid Sin!
0S46Pep1BG8	20250408	35		no	Do I Remember Where I Came From?
3_S2fmvXnUY	20250407	3478	Doug Arney	no	Sunday AM Bible Class - The Barnabas Factor - 4.6.2025
NupY3knNZp8	20250407	1803	Clay Gentry	yes	The Sun Stood Still  4 6 2025
R9qlDCboFpA	20250407	3152	Clay Gentry	no	Sunday PM Worship - The Sun Stood Still - 4.6.2025
ldN4XBSV_HU	20250407	5043	Clay Gentry	no	Sunday AM Worship - Saul's Dark Desperation - 4.6.2025
mGLN2NvWsbA	20250407	74		no	Am I Ready to be Transformed?
ri9pnFbKEdU	20250407	2287	Clay Gentry	yes	Saul's Dark Desperation   4 6 2025
x5M5CRLQP40	20250405	85		no	Sin: who am I really hurting?
I3ixjZNW8dQ	20250404	49		no	Want to Make a Real Impact?
R2KA4qRHOYU	20250403	3224		no	Wednesday Bible Class - Statements of Jesus - 4.2.2025
hfmpIIaNXdU	20250403	82		no	Do I Have a Radical Love Like Jesus?
n_FRod8G5bQ	20250401	94		no	Is God's Judgment Random?
1QkhEtf0QU4	20250331	2163	Josh Tolbert	yes	Why I am Still a Christian 3 30 2025
QcesXfXE0fA	20250331	2493		no	Sunday Evening Worship - Singing/Prayer Service 03/30/25
e4oB78ZQ2I0	20250331	74		no	How Can I Stop Sinning?
s3wFauKju98	20250331	3245		no	Sunday Morning Bible Class - 3/30/25
yVZb4YFZfok	20250331	5267	Josh Tolbert	yes	Sunday Morning Worship - Why I Am Still A Christian - 033025
IGsESPg_EBI	20250329	82		no	Transform Pain Into Praise
zN8bZ3SAKLE	20250328	87		no	Raising God's Heritage
tcZUueBvhDo	20250327	3352	Josh Tolbert	yes	Wednesday PM Bible Class - Deuteronomy - 3.26.2025
uDdSPXfeEMM	20250327	1417		yes	Fear Not - The Battle Belongs to the Lord  3 23 2025
99c46agrUt4	20250324	2653		no	Sunday AM Worship - Fear Not - The Battle Belongs to the Lord - 3.23.2025
SZBUUaZoi0c	20250324	3313	Clay Gentry	no	Sunday AM Worship - Fear Not The Battle Belongs to the Lord - 3.23.2025
prBo6qOCC4s	20250324	2950	Charlie Norman	no	Sunday AM Bible Class - God's Glorious Church - 3.23.2025
PwTn9i31iWE	20250323	770	Clay Gentry	no	Sunday AM Worship - The Battle Belongs to the Lord - 3.23.2025
4c9GRf-xzew	20250320	1214	Josh Tolbert	no	Wednesday Night Bible Class - Deuteronomy - 031925
6g2bxZDnCGg	20250320	1842		yes	Do not be Alarmed   Go Tell   3 16 2025
UCix34sy_aI	20250320	1376		yes	The Twelve Spies   3 9 2025
j8rYlfl3n70	20250320	1241		yes	Self Centered Isolation   3 9 2025
yPIMgl9ITHQ	20250320	1913		yes	Joshua Succeeds Moses   3 16 2025
MmBw0VY-XW8	20250317	4345	Clay Gentry	no	Sunday AM Worship - Do not be Alarmed - Go Tell - 3.16.2025
cie1YdhpWGU	20250317	2323		no	Sunday AM Bible Class - God's Glorious Church - 3.16.2025
i_KyG7djxhc	20250317	3332	Clay Gentry	no	Sunday PM Worship - Joshua Succeeds Moses - 3.16.2025
Mj7zleK8JOk	20250313	90	Josh Tolbert	yes	Wednesday Bible Class - Deuteronomy - 3.12.2025
YTLMhTfcMjs	20250313	2312	Josh Tolbert	yes	Wednesday Bible Class - Deuteronomy - 3.12.2025
_5zMvg6YGFk	20250313	295	Josh Tolbert	yes	Wednesday Bible Class - Deuteronomy - 3.12.2025
-NWbjuJNpTY	20250310	2330	Clay Gentry	no	Sunday PM Worship - The Twelve Spies - 3.9.2025
Xg2t81vwjKk	20250310	1241	Clay Gentry	no	Sunday AM Worship - Self-Centered Isolation - 3.9.2025
fQm7weLkk9U	20250310	3429	Charlie Norman	no	Sunday AM Bible Class - God's Glorious Church - 3.9.2025
HHpQ8MQzsaA	20250306	3105		no	Wednesday Night Bible Class - Deuteronomy - 030525
pOhV8Ham_C0	20250306	141		no	Wednesday Night Bible Class - Deuteronomy - 030525
XlmPjyZZuLM	20250304	2200	Clay Gentry	yes	Truth about Temptation   3 2 2025
dqYQyIGMvvo	20250303	2192	Clay Gentry	no	Sunday AM - Gods Glorious Church / Truth about Temptation - 3.2.2025
zU6NpibBV-w	20250303	1657	Clay Gentry	no	Chiasms explained   3 02 25 PM
xwTPoPj-x_M	20250302	3257	Clay Gentry	no	Sunday PM Worship Service - 3.02.25
YsljP4GVzGk	20250227	3360	Josh Tolbert	yes	Wednesday Bible Class - Deuteronomy - 2.26.2025
IcQ84NLakxI	20250225	2458	Clay Gentry	yes	Open Heart Open Table   2 23 2025
Ed3CQA4ng68	20250224	2988	Charlie Norman	no	Sunday AM Bible Class - Gods Glorious Church - 2.23.2025
SVXoclC4Wsk	20250224	1205		no	Sunday PM Worship - Singing - 2.23.2025
l51-Jb1oYFs	20250224	3301		no	Sunday PM Worship - Singing - 2.23.2025
w2gBjGFBStM	20250224	5655	Clay Gentry	no	Sunday AM Worship - Open Heart Open Table - 2.23.2025
-8cSdNPcC9M	20250219	2529	Clay Gentry	no	Flee and Pursue - 2.9.2025
7bkSlnE7B9c	20250219	2048		yes	Sound Hearts Sound Churches 2 2 2025
97vSqJdk6sY	20250219	2005		yes	Bread of Heaven 2 2 2025
GkjVp1gvxGI	20250219	2950	Clay Gentry	yes	True Love  More Than a Feeling   02.16.25
MY-_fXW8uNo	20250219	2444	Clay Gentry	no	Aaron's Two Sons   02.16.2025
qElACLOm56w	20250219	2046	Clay Gentry	yes	Bought with a Price - 2.9.2025
LS86VgsFQwI	20250217	5908	Clay Gentry	no	True Love: More Than a Feeling - Sunday Morning Worship - 021625
YCt4hpGz8j8	20250217	4023	Clay Gentry	no	Aarons's Two Sons - Sunday Evening Bible Study - 02162025
ZE6cMnjg42U	20250217	3242	Charlie Norman	no	Sunday AM Bible Class - God's Glorious Church - 021625
BNyTsIAHB9s	20250213	3303	Josh Tolbert	yes	Wednesday Bible Class - Deuteronomy - 2.12.2025
4YbNFGGk5BI	20250210	3739	Clay Gentry	no	Sunday PM Worship - Bought with a Price - 2.9.2025
pwYyjKL9tSA	20250210	3193	Charlie Norman	no	Sunday AM Bible Class - God's Glorious Church - 2.9.2025
wBaoIeLqTCM	20250210	5376	Clay Gentry	no	Sunday AM Worship - Flee and Pursue - 2.9.2025
GEKBj1njfHU	20250206	3153	Josh Tolbert	yes	Wednesday Bible Class - Deuteronomy - 2.5.2025
-7jNaMiFpsg	20250205	2551		no	Leah's Song 1.26.25
5ueiYm8Vncg	20250203	4969	Clay Gentry	no	Sunday AM Worship - Sound Hearts Sound Churches - 2.2.2025
PHuukpSKgOs	20250203	3590	Charlie Norman	no	Sunday AM Bible Class - God's Glorious Church - 2.2.2025
y_YmqKVu4tY	20250203	3951	Clay Gentry	no	Sunday PM Worship - Bread of Heaven - 2.2.2025
OZ6AIKT5HXo	20250130	3401	Josh Tolbert	yes	Wednesday  PM Bible Class - Deuteronomy - 1.29.2025
ozTmtlCeJsg	20250127	3548	Charlie Norman	no	Sunday AM Bible Class - Gods Glorious Church - 1.26.2025
pd_k2bWMVrA	20250127	3736		no	Sunday Evening Worship - Singing / Prayer Service
vRTj5xr5o4g	20250127	5643	Clay Gentry	no	Sunday AM Worship - Leah's Song - 1.26.2025
No-SNYify0s	20250123	3417	Josh Tolbert	no	Wednesday Bible Class - Deuteronomy - 1.22.2025
I0FesRsrtZI	20250120	3195	Clay Gentry	no	Sunday PM Worship - TheNumberOneReasonNotToSin - 1.19.2025
PdWkLjMH5S0	20250120	3546	Charlie Norman	no	Sunday AM Bible Class - Gods Glorious Church - 1.19.2025
S7t0JcAK0rg	20250120	2422		yes	The Sinners' Jesus   1 19 2025
ZDPOnZFu3co	20250120	2618		yes	Created in Gods Image   1 5 2025
dN-8RvRvhjw	20250120	1897		no	The Purposes of God's Word   1 12 2025
otzezFyde18	20250120	2532		yes	Welcomed At The Kings Table   1 5 2025
pNrXOflSzMg	20250120	5745	Clay Gentry	no	Sunday AM Worship - The Sinners Jesus - 1.19.2025
pTh8iy5CS-M	20250120	1733		no	From the Manger to the Cross   12 29 24
q1YKcYbAYgg	20250120	1249		yes	The Number One Reason Not To Sin   1 19 2025
8-XyuPKj3Ag	20250116	3247	Josh Tolbert	no	Wednesday Bible Class - Deuteronomy - 1.15.2025
enD7OLSMhu0	20250113	4670	Clay Gentry	no	Sunday AM Worship - The Purposes of God's Word - 1.12.2025
IWXl53IoRp8	20250109	3594	Josh Tolbert	yes	Wednesday PM - Deuteronomy - 1.8.2025
Ak4ipcO3yxs	20250106	3580	Charlie Norman	no	Sunday AM Bible Class - Created in Gods Image - 1.5.2025
MYeQoB50Zk8	20250106	5771	Clay Gentry	no	Sunday AM Worship - Created in Gods Image - 1.5.2025
OOwBBu-2cLI	20250106	4550	Clay Gentry	no	Sunday PM - Welcomed At The Kings Table - 1.5.2025
BValdlu33Zg	20250102	3584	Josh Tolbert	yes	Wednesday Bible Class - Deuteronomy - 1.1.2025
XG05go30R2c	20250101	2221		yes	As He Thinks 12 22 2024
k7r_9M3KTfU	20250101	1731		yes	From the Manger to the Cross   12 29 2024
m9HBkl1QWaA	20250101	3261		yes	Singing and Prayer Service   12 29 2024
ooshGWQrehA	20250101	3261		yes	Singing and Prayer Service   12 29 2024
u0Llki1Uq3I	20250101	1630		yes	Elders Vision 2025 12 22 2024
OogQCAEGHH8	20241230	1829	Charlie Norman	no	Sunday Morning Bible Study - God's Glorious Church - 122924
l4yETaClE04	20241230	3261		no	Sunday Night Worship - Congregational Singing and Prayer Service - 122924
t3WORoqQO88	20241230	4536	Clay Gentry	no	Sunday Morning Worship - From the Manger to the Cross - 122924
FU5MCibTv9Q	20241226	3498		no	Wednesday Fall Focus - Go Show Yourself to the Priest- 12.25.2024
1tAqY9QIbrQ	20241223	3869		no	Sunday AM Bible Class - Conversions in Acts - 12.22.2024
h57Vez4TOsg	20241223	4573	Charlie Norman	no	Sunday AM Worship - Elders Vision 2025
jYp9MxrRdto	20241223	4145	Doug Arney	no	Sunday PM Worship - As He Thinks - 12.22.2024
vsRbXgcYupc	20241219	1647		no	Wednesday PM Bible Class - Go Tell Others - 12.18.2024
4X6gFVB66Zs	20241218	1916		yes	How to Give a Defense for Your Hope   12 15 2024
C4HpgfWp6EY	20241218	2618		yes	Four Views of David   12 15 2024
HuMmGdRuJLY	20241216	4325	Clay Gentry	no	Sunday PM Worship - How to Give a Defense for Your Hope - 12.15.2024
K3V6leUfszo	20241216	5703	Clay Gentry	no	Sunday AM Worship - Four Views of David - 12.15.2024
jAXMrvzyeRw	20241216	3535		no	Sunday AM Bible Class - Conversions in Acts - 12.15.2024
jEAXqUwG8s0	20241212	3080	Tim Garrison	no	Wednesday PM - Fall Focus - Go and Show Mercy - 12.11.2024
Yre7IiFGPmM	20241210	2946		yes	What Does it Mean to Believe   12 8 2024
dXFBe5I6mX0	20241210	1592		yes	Andrew brought people to Jesus   12 8 2024
mhJ1N5KDifg	20241209	3344		no	Sunday AM Bible Class - Conversions in Acts - 12.8.2024
svg-PApXM7Q	20241209	2612		no	Convicted   11 10 2024
trfeZJK_Djc	20241209	3739	Clay Gentry	no	Sunday PM Worship - Andrew brought people to Jesus - 12.8.2024
xOdOw6JCHyw	20241209	5575	Clay Gentry	no	Sunday AM Worship - What Does it Mean to Believe - 12.8.2024
kVosnhhtyuY	20241205	3412	Ben Prasser	no	Wednesday - Fall Focus - Go to Work - 12.4.2024
IfNUY53aIXQ	20241203	2691		yes	Seek Him Find Him   12 1 2024
Xv-__ftjDd0	20241203	2922		no	By Faith Moses   11 17 2024
fDjEL23JLQU	20241203	2084		yes	Falling Asleep in Church   11 17 2024
pfL-PSG2IFM	20241203	2356		no	The Way   12 1 2024
6RTZ1M_GSFg	20241202	3887	Clay Gentry	no	The Way - 12.1.2024
Bvr3DN3OqGE	20241202	5324	Clay Gentry	no	Seek Him Find Him - 12.1.2024
h6_hPZhyE2Y	20241202	3399		no	Sunday AM Bible Class - Conversions in Acts - 12.1.2024
BAv95I8gsJY	20241128	3633		no	Wednesday -  Fall Focus - Go See What You Have - 11.27.2024
6_qOGlRcBKo	20241125	712		no	Sunday Evening - Mozambique Report - 11.24.24
K9TZvJJLjBQ	20241125	1288		no	Sunday Bible Class - Conversions - 11.24.24
g3kvWVcVMiU	20241125	2991		no	Sunday Worship - Overcoming Apathy - 11.24.24
zQ7rgI5B1oQ	20241125	1201		yes	Overcoming Apathy   11 24 24
6s0WU53_Gh8	20241121	3490	Seth McDonald	no	Wednesday Fall Focus - Go Proclaim the Gospel - 11.20.2024
J_5VEYzjT8g	20241118	5413	Clay Gentry	no	Sunday AM Worship - By Faith Moses - 11.17.2024
jj-BSRUhZ_o	20241118	3393		no	Sunday AM Worship - Conversions in Acts - 11.17.2024
t5DgH_r_tBg	20241118	3802	Clay Gentry	no	Falling Asleep in Church - 11.17.2024
Ld0EexAs5Ys	20241114	2890		no	Wednesday PM Bible Class - Go and Learn - 11.13.2024
0Q0NzXRSCzA	20241111	4431	Clay Gentry	no	Sunday PM Worship - The Church at Ephesus - 11.10.2024
bDqVsJapXcs	20241111	3616		no	Sunday AM Bible Class - Conversions in Acts - 11.10.2024
h2u7EJKZhwU	20241111	5543	Clay Gentry	no	Sunday AM Worship - Convicted - 11.10.2024
Jos3Lr7NJ3k	20241108	3601		yes	Jesus Elephants and Donkeys   11 03 24 SUN AM
-bcZi8Zi0W4	20241107	3229		no	Wednesday - Fall Focus - Go Away - 11.06.2024
9Q4KbqgPHyQ	20241104	1876	Clay Gentry	no	Sunday Evening Worship - Sosthenes: From Adversary to Brother - 11/03/24
MzTC_g3OOOg	20241104	3606		no	Sunday Morning Bible Class - Conversions in Acts - 11/03/24
VGx3JlsAq34	20241104	2588	Clay Gentry	no	Sunday Morning Worship - Jesus, Elephants & Donkeys - 11/03/24
O-4JwHWRhIs	20241031	3284	Mike Young	no	Wednesday - Go Sin No More - 10.30.2024
7cvzyCnvAZk	20241030	207	Mike Young	no	Wednesday - Go Sin No More - 10.30.2024
_BsHc1THR-Q	20241030	32	Mike Young	no	Wednesday - Go Sin No More - 10.30.2024
WkCLKZQ_qgQ	20241028	1495	Clay Gentry	no	Sunday AM Worship - The Bittersweet Sacrifice - 10.27.2024
duJxwLgiZrY	20241028	4560		no	Sunday PM - Singing - 10.27.2024
nRNfVI-PAIU	20241028	2119	Clay Gentry	no	Sunday AM Worship - The Bittersweet Sacrifice - 10.27.2024
xmPIsporNUI	20241028	3590		no	Sunday AM Bible Class - Conversions in Acts - 10.27.2024
oigSsu1bAxI	20241027	180	Clay Gentry	no	Sunday AM Worship - The Bittersweet Sacrifice - 10.27.2024
H77Uc1InVUA	20241024	4468	Shawn Jeffries	no	Wednesday PM - Getting Off Course - 10.23.2024
vCbGo-d7Ykc	20241023	4403	Shawn Jeffries	no	Tuesday PM - Blessed Hope - 10.22.2024
czyMQDdDh_0	20241022	4035	Shawn Jeffries	no	Monday PM - Why Send for Peter - 10.21.2024
TixpTqnT7GU	20241021	2979	Shawn Jeffries	no	Sunday Bible Class - When Jesus Marvels - 10.20.2024
t7pB-mtBPN8	20241021	1574	Shawn Jeffries	no	Sunday PM - Fishing with Jesus - 10.20.2024
0Zvu92OgK7A	20241020	283	Shawn Jeffries	no	Sunday AM Worship -  Rahab's Faith - 10.20.2024
5UYi6g6YHS0	20241020	96	Shawn Jeffries	no	Sunday AM Worship - Rahab's Faith - 10.20.2024
8VCInM25qEM	20241020	487	Shawn Jeffries	no	Sunday AM Worship -  Rahab's Faith - 10.20.2024
AJjzvUvjnck	20241020	365	Shawn Jeffries	no	Sunday AM Worship -  Rahab's Faith -  10.20.2024
ArG-Sph_umY	20241020	91	Shawn Jeffries	no	Sunday AM Worship - Rahab's Faith - 10.20.2024
NbY4lsG7Bm8	20241020	233	Shawn Jeffries	no	Sunday PM - Fishing with Jesus - 10.20.2024
VNftv_AxGxg	20241020	96	Shawn Jeffries	no	Sunday AM Worship -  Rahab's Faith -  10.20.2024
W8sL_NXAwVA	20241020	78	Shawn Jeffries	no	Sunday Bible Class - When Jesus Marvels - 10.20.2024
XP-aDJbsn6Y	20241020	96	Shawn Jeffries	no	Sunday AM Worship - Rahab's Faith - 10.20.2024
Z1hq0BC_dNA	20241020	15	Shawn Jeffries	no	Sunday AM Worship - Rahab's Faith - 10.20.2024
_G49iEi8NIY	20241020	34	Shawn Jeffries	no	Sunday AM Worship - Rahab's Faith -  10.20.2024
cD6r6Tkjzq0	20241020	38	Shawn Jeffries	no	Sunday PM - Fishing with Jesus - 10.20.2024
e8YTs6BypJY	20241020	77	Shawn Jeffries	no	Sunday AM Worship - Rahab's Faith - 10.20.2024
ua8iC7f18kQ	20241020	47	Shawn Jeffries	no	Sunday AM Worship - Rahab's Faith - 10.20.2024
iTbyHr_UxGo	20241017	55	Dick Sullivan	no	Wednesday Fall Focus - Go Proclaim the Kingdom - 10.16.2024
xGaEIjZKM14	20241017	87	Dick Sullivan	no	Wednesday Fall Focus - Go Proclaim the Kingdom - 10.16.2024
SOiUfYTQBIo	20241016	15	Dick Sullivan	no	Wednesday Fall Focus - Go Proclaim the Kingdom - 10.16.2024
3v33B6oCLB4	20241014	3434		no	Sunday AM Bible Class - Conversions in Acts - 10.13.2024
YHh40skWdHQ	20241014	4686	Clay Gentry	no	Sunday Worship - Cities of Refuge - 10.13.2024
bWgrSObTAtM	20241014	3494	Clay Gentry	no	Sunday PM Worship - Timothy - 10.13.2024
5l7AHbC38_w	20241013	38	Clay Gentry	no	Sunday PM Worship - Timothy - 10.13.2024
DaALkvruRvM	20241013	52	Clay Gentry	no	Sunday Worship - Cities of Refuge - 10.13.2024
Eijmpsgg4F8	20241013	57	Clay Gentry	no	Sunday PM Worship - Timothy - 10.13.2024
F7FzpJZ-G64	20241013	50		no	Sunday AM Bible Class - Conversions in Acts - 10.13.2024
lBftFZ-vwkU	20241013	10	Clay Gentry	no	Sunday PM Worship - Timothy - 10.13.2024
pvJDaZN3xWo	20241013	57	Clay Gentry	no	Sunday PM Worship - Timothy - 10.13.2024
79KRVZmjA2g	20241010	9	Andrew Dvorak	no	Wednesday Bible Class - Go In Peace - 10.9.2024
JnjTJ2toZpk	20241010	4	Andrew Dvorak	no	Wednesday Bible Class - Go In Peace - 10.9.2024
LUCOMT7Pb9M	20241010	5	Andrew Dvorak	no	Wednesday Bible Class - Go In Peace - 10.9.2024
UnIeqwdQZ1I	20241010	4	Andrew Dvorak	no	Wednesday Bible Class - Go In Peace - 10.9.2024
suM2Y4CVy1I	20241010	21	Andrew Dvorak	no	Wednesday Bible Class - Go In Peace - 10.9.2024
xAdKbrBEoC0	20241010	23	Andrew Dvorak	no	Wednesday Bible Class - Go In Peace - 10.9.2024
2YdKwtQ66jc	20241009	33	Andrew Dvorak	no	Wednesday Bible Class - Go In Peace - 10.9.2024
kn7ShazeKiE	20241009	10	Andrew Dvorak	no	Wednesday Bible Class - Go In Peace - 10.9.2024
9a2V2xauQzE	20241007	3807	Clay Gentry	no	Sunday PM Worship - Cain and Abel - 10.6.2024
OQOAo7WexG8	20241007	1935		yes	Are you Rapture Ready   9 15 2024
VUM_JSkHLjI	20241007	2062		yes	The Ethiopian Eunuch   9 1 2024
lhw4hOZbdhw	20241007	4991	Clay Gentry	no	Sunday AM Worship - Imperfect - A Growing and Vibrant Church - 10.6.2024
xNUlub3CQKc	20241007	2011		no	Sunday AM Bible Class - Conversions in Acts - 10.6.2024
68FxBr3r794	20241006	2205	Clay Gentry	yes	The Conversion of Cornelius   9 15 2024
Iv1S0IFnMUA	20241006	16		no	Sunday AM Bible Class - Conversions in Acts - 10.6.2024
NflJDvhaLy8	20241006	53		no	Sunday AM Bible Class - Conversions in Acts - 10.6.2024
Qx8sctK5qUo	20241006	6		no	Sunday AM Bible Class - Conversions in Acts - 10.6.2024
V_Dxx16vX38	20241006	13		no	Sunday AM Bible Class - Conversions in Acts - 10.6.2024
YRZ5Dl_UW5Y	20241006	9		no	Sunday AM Bible Class - Conversions in Acts - 10.6.2024
aaAHwk3b0SM	20241006	4736	Clay Gentry	yes	Copy of Sunday AM Worship - Imperfect - A Growing and Vibrant Church - 10.6.2024
byKait_dOVU	20241006	8		no	Sunday AM Bible Class - Conversions in Acts - 10.6.2024
cysdFkntH7Q	20241006	42	Clay Gentry	no	Sunday AM Worship - Imperfect - A Growing and Vibrant Church - 10.6.2024
lEgj93Vt8_o	20241006	1		no	Sunday AM Bible Class - Conversions in Acts - 10.6.2024
liXlk8sIs4U	20241004	2269		yes	Daniel in the Lions Den   9 29 2024
FWFIbG06yzo	20241003	3735	Drew Norman	no	Go the Extra Mile - 10.2.2024 Fall Focus
b7ha8VAHfW4	20241003	2292		yes	The Way   8 18 2024
1L7x5ENzA9A	20240930	3560		no	Sunday AM Bible Class - Acts - 9.29.2024
8uASm1M8FQ0	20240930	4843	Clay Gentry	no	Sunday AM Worship - Daniel in the Lions Den - 9.29.2024
nql5grSEcjU	20240930	3541		no	Sunday PM - Bible Class - Singing - 9.29.2024
5MfW7imc3ns	20240929	34		no	Sunday PM - Bible Class - Singing - 9.29.2024
QVjUDcY7ias	20240929	24	Clay Gentry	no	Sunday AM Worship - Daniel in the Lions Den - 9.29.2024
WTmjL8b6p9Q	20240929	13	Clay Gentry	no	Sunday AM Worship - Daniel in the Lions Den - 9.29.2024
lsTieEfIXh0	20240929	42		no	Sunday PM - Bible Class - Singing - 9.29.2024
CwBdhigH9VI	20240926	9	Josh Tolbert	yes	Sunday PM - Bible Class - Nehemiah - 9.25.2024
D5GHrqCNs1w	20240926	174	Josh Tolbert	yes	Sunday PM - Bible Class - Nehemiah - 9.25.2024
FkA0sz3i-7I	20240923	1746	Doug Arney	no	Sunday Morning Bible Class - 12 Redemption Stories - 092224
I5BcLSDgB3g	20240923	1887	Clay Gentry	no	Sunday Morning Worship - I Shall Not Be Moved - 092224
8Fz4mbLs7Eo	20240919	7	Josh Tolbert	yes	Wednesday PM - Bible Class - Nehemiah - 9.18.2024
AG5z8sIxVjk	20240919	59	Josh Tolbert	yes	Wednesday PM - Bible Class - Nehemiah - 9.18.2024
V7TRBZZaxFw	20240919	93	Josh Tolbert	yes	Wednesday PM - Bible Class - Nehemiah - 9.18.2024
ZHwB8puwOaw	20240919	42	Josh Tolbert	yes	Wednesday PM - Bible Class - Nehemiah - 9.18.2024
gMZmh0jUKPo	20240918	63	Josh Tolbert	yes	Wednesday PM - Bible Class - Nehemiah - 9.18.2024
g6I--SHNdDM	20240916	4436	Clay Gentry	no	Sunday PM Worship - The Conversion of Cornelius - 9.15.2024
oCw5yPzxG6U	20240916	4795	Clay Gentry	no	Sunday AM Worship - Are you Rapture Ready - 9.15.2024
wE7Zc_EBPPM	20240916	3381	Doug Arney	no	Sunday AM Bible Class - 12 Redemption Stories - 9.15.2024
mIPxeJ3wYPY	20240912	3061	Josh Tolbert	yes	Wednesday PM - Bible Class - Nehemiah - 9.11.2024
qBHRleorqGo	20240910	2340		yes	Multiplication According to Acts   9 8 2024
xmORkiy99EQ	20240910	1645		yes	Disciples Like Dorcas   9 8 2024
4gluFmkx9A0	20240909	3226	Doug Arney	no	Sunday AM Bible Class - 12 Redemption Stories - 9.8.2024
F7JiXNx41fo	20240909	2340	Clay Gentry	yes	Multiplication According to Acts - 9.8.2024
FkN3sJE6hOk	20240909	1645	Clay Gentry	yes	Disciples Like Dorcas - 9.8.2024
PB91n6mO0P8	20240909	5141	Clay Gentry	no	Sunday AM Worship - Multiplication According to Acts - 9.8.2024
eRBDb8qW-ps	20240909	3236	Clay Gentry	no	Sunday PM Worship - 9.8.2024
JOJj-6MubQs	20240905	3491	Josh Tolbert	no	Wednesday Bible Class - Nehemiah - 9.4.2024
746wkLeOq1E	20240902	3821	Clay Gentry	no	Sunday PM Worship - Ethiopian Eunuch - 9.1.2024
AlJ5rnJQSZg	20240902	3388	Doug Arney	no	Sunday AM Bible Class - 12 Redemption Stories - 9.1.2024
CYAt_3jxH98	20240902	5161	Clay Gentry	no	Sunday AM Worship - Refreshing a Growing and Vibrant Church - 9.1.2024
Yuo8GBVvYRI	20240829	3714	Josh Tolbert	yes	Wednesday Bible Class - Nehemiah - 8.28.2024
M1mfI-xMC7M	20240826	3987		no	Sunday Evening Worship - Singing Night - 8.25.24
Yebkh2weCTc	20240826	5158	Clay Gentry	no	Sunday AM Worship - Jesus the only way to God - 8.25.24
_Xx8gHxlD4E	20240822	3397		no	Wednesday Bible Class - Nehemiah - 8.21.2024
B7YwDYbAUlA	20240819	3205	Doug Arney	no	Sunday AM Bible Class - 12 Redemption Stories - 8.18.2024
PoFkoggyDgU	20240819	4884		no	Sunday PM Worship - The Way - 8.18.2024
ch3IsHmRgJ8	20240819	4639	Josh Tolbert	yes	Sunday PM Worship - Depression with Faith - 8.18.2024
H7HNlfiWsfk	20240815	336	Josh Tolbert	yes	Wednesday Bible Class - Nehemiah - 8.14.2024
DufzZ6a6w64	20240814	17	Josh Tolbert	yes	Wednesday Bible Class - Nehemiah - 8.14.2024
wMGNGIkvLDM	20240814	13	Josh Tolbert	yes	Wednesday Bible Class - Nehemiah - 8.14.2024
1QPhup4b0M8	20240812	4515	Clay Gentry	no	Sunday Morning Worship - Who Knows - 081124
U9BEJzYLoWI	20240812	4097	Clay Gentry	no	Sunday Evening Worship - God Isnt Fooled - 081124
UzDr2xYjN3M	20240812	3485	Doug Arney	no	Sunday Morning Bible Class - 12 Redemption Stories - 081124
XOiV6II5JpE	20240808	3715	Josh Tolbert	yes	Wednesday PM - Bible Class - Nehemiah - 8.7.2024
0Bc0L0cbDpM	20240805	3820	Clay Gentry	no	Sunday PM Worship - Give Jesus - 8.4.2024
32H0-80moqQ	20240805	3317	Doug Arney	no	Sunday AM Bible Class - 12 Redemption Stories - 8.4.2024
h0jcxIKY4EY	20240805	4952	Clay Gentry	no	Sunday AM Worship - Missional A Growing and Vibrant Church - 8.4.2024
2URLiRxx4SI	20240804	52	Clay Gentry	no	Sunday AM Worship - Missional A Growing and Vibrant Church - 8.4.2024
Zz5Em5B-JIk	20240801	3289	Josh Tolbert	no	Wednesday PM Bible Class - Nehemiah - 7.31.2024
9jxM4B6Lors	20240729	4164	Charlie Norman	no	Sunday PM - Dominica Report - 7.28.2024
VQTjh0qaO3Y	20240729	3098	Doug Arney	no	Sunday AM Bible Class - 12 Redemption Stories - 7.28.2024
hqzWty4JwD4	20240729	5145		no	Sunday AM Worship - The Churchs Diet - 7.28.2024
_QC5Qu86m3U	20240727	5790		no	Gospel Singing 2024
nFATYFlx9fM	20240725	3707	Josh Tolbert	yes	Wednesday Night Bible Class - Nehemiah - 7242024
ARAcHzIz4ao	20240723	1940	Clay Gentry	yes	Appointing New Elders - 072124
JyQIt8JDUdc	20240722	3099	Doug Arney	no	Sunday Morning Bible Class - 12 Redemption Stories - 072124
LmU21NwejzA	20240722	3431		no	Sunday Evening Worship - Have You Anything To Eat - 072124
SJAnPiIM3b0	20240722	5414	Clay Gentry	no	Sunday Morning Worship - Appointing New Elders - 072124
4yvImhfAbTU	20240718	3674	Josh Tolbert	yes	Wednesday PM Bible Class - Nehemiah - 7.17.2024
Xpd9ABx99sU	20240715	6237	Clay Gentry	no	Sunday AM Worship - Jobs Friends - Miserable Comforters - 7.14.2024
cB_3wpirCj0	20240715	3930	Clay Gentry	no	Sunday PM Worship - Jesus Burial - 7.14.2024
s90uh6VFqV4	20240715	3589	Doug Arney	no	Sunday AM Bible Class - 12 Redemption Stories - 7.14.2024
FfzmSkQpeEI	20240711	3590	Josh Tolbert	yes	Wednesday Bible Class - Nehemiah - 7.10.2024
6y82WYCMxX8	20240708	3642	Doug Arney	no	Sunday AM Bible Class - 12 Redemption Stories - 7.7.2024
8ycai24KFNE	20240708	4382		no	Sunday PM  Worship - Jesus before Pilate - 7.7.2024
walxPudCGEM	20240708	4816	Clay Gentry	no	Sunday AM Worship - A Growing and Vibrant Church is Spirit Lead - 7.7.2024
UywwHpoFciA	20240704	3654	Josh Tolbert	yes	Wednesday Bible Class - Nehemiah - 7.3.2024
G64PeWTDJAg	20240701	4388		no	Sunday AM - Worship - The Lords Army - 6.30.2024
SYvaL9ubwos	20240701	3197	Doug Arney	no	Sunday AM - Bible Class - 12 Redemption Stories - 6.30.2024
T1fADHDpaHk	20240701	3404		no	Sunday PM - Worship - Singing - 6.30.2024
s2RYrehgecE	20240627	4372		no	Wednesday PM - VBS - 6.26.2024
21HjxPbjIK0	20240626	4489		no	Tuesday PM -VBS- 062524
YAWwplSxRIo	20240625	3940		no	Monday PM - VBS - 6.24.2024
8WaoBsB8--E	20240624	4957		no	Sunday AM Worship - VBS - 6.23.2024
TKu7111HJ6g	20240624	4580		no	Sunday PM Worship - VBS - 6.23.2024
AEsGQ1Bb8Ww	20240623	69		no	Sunday AM Bible Class - VBS - 6.23.2024
UyQJaf17LbM	20240623	93		no	Sunday AM - Bible Class - VBS - 6.23.2024
_9FIkMCYFAA	20240623	35		no	Sunday AM - Bible Class - VBS - 6.23.2024
nLlwJR3doJI	20240623	16		no	Sunday AM Bible Class - VBS - 6.23.2024
pzfJi7S8Fx4	20240623	103		no	Sunday AM Bible Class - VBS - 6.23.2024
sG0PRiMWIh4	20240623	80		no	Sunday AM Bible Class - VBS - 6.23.2024
RGwsZAK0XBY	20240620	3698	Josh Tolbert	yes	Wed PM Bible Class - Ezra - 6.19.24
IKde7rvHKRk	20240618	2235	Clay Gentry	yes	Jesus Our Substitute 6 16 24
0AJiE0dqBSM	20240617	4542		no	Sunday PM Worship - Beware the Scribes - 6.16.2024
M_AxBlvages	20240617	3554	Charlie Norman	no	Sunday AM Bible Class - From Creation to Eternity - 6.16.2024
eCVfQI6AVK4	20240617	5384	Clay Gentry	no	Sunday AM Worship - Jesus Our Substitute - 6.16.2024
l64GX8P1TSc	20240613	3664	Josh Tolbert	yes	Wed PM Bible Class - Ezra - 6.12.24
LFgmUjo0jr0	20240610	5324	Clay Gentry	no	Sunday AM Worship - Sodom Within - 6.9.2024
OuIhUzd2h9E	20240610	3301	Charlie Norman	no	Sunday AM Bible Class - From Creation to Eternity - 6.9.2024
PJbcxKPgEA4	20240610	3868	Clay Gentry	no	Sunday Evening Worship - Jesus Cleanses The Temple
t9ZG2Rd42vA	20240606	3292		no	Wed PM Bible Class - Ezra - 6.5.24
1Px2AGY4niA	20240603	3045	Charlie Norman	no	Sunday Bible Class - From Creation to Eternity - 6.2.2024
BwVmplB1LdY	20240603	5277		no	Sunday AM Worship - Worshipful - 6.2.24
vSTbNVjXBbs	20240603	4199	Clay Gentry	no	Sunday Evening Worship - 10 minas - 6.2.24
Gx1KcngwlbE	20240530	3729	Josh Tolbert	yes	Wed PM Bible Class - Ezra - 5.29.24
9UyJVQU-W6E	20240527	3985		no	Sunday Morning Worship - Singing - 052624
lBdbwA01Z-o	20240527	6121		no	Sunday Morning Worship - The Battle of Michmash Jonathan's Great Victory - 052624
xJ2t558RAkc	20240527	3056	Charlie Norman	no	Sunday Morning Bible Class - From Creation to Eternity - 052624
JQXPICc6Ygw	20240520	3445	Charlie Norman	no	Sunday AM Bible Class - From Creation to Eternity - 5.19.2024
TWYBbLjFrPM	20240520	4211	Clay Gentry	no	Sunday PM Worship - One Gave Thanks - 5.19.2024
bSl6yzAQ4qg	20240520	4939		no	Sunday AM Worship - Surrounded But Sustained - 5.19.2024
BW-WoQlXQC4	20240516	3586	Josh Tolbert	no	Wed PM Bible Class - Ezra - 5.15.24
W96EXQbSqIU	20240513	2942	Josh Tolbert	yes	Sunday AM Worship - From Creation to Eternity - 05.12.2024
eprEk22A4eE	20240513	5846	Clay Gentry	no	Sunday AM Worship - Naamans Slave Girl - 5.12.2024
W96EXQbSqIU	20240512	2942	Josh Tolbert	yes	Sunday AM Worship - From Creation to Eternity - 05.12.2024
_WdhG1Ap5Ak	20240506	5391	Clay Gentry	no	Sunday AM Worship - Generous - 05.05.2024
fTUpUSXECWI	20240506	3071	Charlie Norman	no	Sunday AM Bible Class - From Creation to Eternity - 05.05.2024
r7ld4o0i-Sc	20240506	3988	Clay Gentry	no	Sunday PM Worship - Happiness According to the Prodigal - 05.05.2024
9jRjZGKcpA4	20240425	3820		no	Wed PM Bible Class - Ezra - 4.24.24
3ZJF3KuOHW8	20240422	2387	Clay Gentry	no	Sunday AM Worship - Don't You Care? - 4.21.2024
VE6o9M6iiYo	20240421	2627	Clay Gentry	no	Sunday AM Worship - Don't You Care? - 4.21.2024
mC1EbDzyzVo	20240418	3512	Josh Tolbert	yes	Wed PM Bible Class - Ezra - 4.17.24
VA-JCSy4pYg	20240414	3491	Charlie Norman	no	Sunday AM Bible Class - From Creation to Eternity
vJWz2YN9nC8	20240414	4464	Clay Gentry	no	Sunday Morning Worship - Real Religion - 041424
3fgTaNRF76s	20240413	2475		yes	Singing Service   1 28 24   SUN PM 1
6cFvjZvj-84	20240413	2233		no	Lord of the Sabbath   2 4 24   SUN PM 1
FLyLMKkfR2w	20240413	2282		yes	Evangelistic A Growing and Vibrant Church   1 7 24   SUN AM 1
U0TqbfG31yM	20240413	2618		yes	Our Message The Gospel   1 28 24 SUN AM 1
aIWDaIjpp0w	20240413	2212		yes	This Little Light   1 21 24   SUN AM 1
bw2WiRuTF0s	20240413	2572		yes	Elder's Vision for 2024   12 31 23   SUN AM 1
d3pKSSPA3es	20240413	2070		yes	Exploring Luke's Birth Narrative   1 7 24   SUN PM 1
htQ8DeKrWdc	20240413	2415		yes	Song and Prayer Service   12 31 23   SUN PM 1
psW4ikVMfiA	20240413	1614		yes	Stop Sharing the Gospel   1 14 24   SUN AM 1
uuvdrjgVAgA	20240413	2328		yes	Gracious A Vibrant and Growing Church   2 4 24   SUN AM 1
7n5dh23F6uQ	20240408	4965		no	Sunday Evening Worship - Blessings, Curses, and Redemption - 040724
K-7Gt4cl1Mk	20240408	3336	Charlie Norman	no	Sunday Morning Bible Class - From Creation to Eternity - 040724
bTmQVfRhmqw	20240404	3412	Josh Tolbert	yes	Wed PM - Bible Class - Ezra - 4.3.24
AhNGd4hC-CM	20240401	3387	Charlie Norman	no	Sunday AM  Bible Class - From Creation to Eternity - 3.31.2024
wHPV4HWldPk	20240331	5129	Clay Gentry	no	Sunday AM Worship - The Resurrected Savior Is - 3.31.2024
xAeaUGO3LIY	20240327	2847	Landon Loveall	no	Wednesday PM Bible Class - James - 03.27.2024
d60BrvrW4e4	20240325	3306		no	Sunday Bible Class - It's not rocket science - 3.24.2024
h0oU9e6HfJc	20240325	4419	Clay Gentry	no	Sunday AM - The Good Samaritan - 3.24.24
-ehD-yHtAHk	20240321	3422	Landon Loveall	no	Wednesday Bible Class - James -03202024
FlHKNWpDrM0	20240318	5661	Clay Gentry	no	Sunday AM Worship - Free in Christ - 3.17.2024
J-iKqORDTp0	20240318	3819	Clay Gentry	no	Sunday PM Worship - Greatness According to Jesus - 3.17.2024
4U1-_rLqjFs	20240314	2131	Landon Loveall	no	Wednesday PM Class - James - 3.13.2024
fxueCcCa-Tw	20240311	4109	Clay Gentry	no	Sunday PM Worship - Feeding the 5000 - 3.10.2024
BvC_IVcbBYQ	20240307	3486	Landon Loveall	no	Wednesday Bible Class - James - 3.6.2024
0qWLEqRzJxk	20240304	4997	Clay Gentry	no	Sunday AM Worship - Discipling - 3.3.2024
iM5ZI9j6Gpk	20240304	3314		no	Sunday Morning Bible Class - It's Not Rocket Science - 030324
F0yIBszxAJo	20240229	3333		no	Wednesday Night Bible Class - James - 022824
AazBiHXJqk0	20240226	2836		no	Sunday Morning Bible Class - It's Not Rocket Science - 022524
CCvvUzbcpWc	20240222	3258	Landon Loveall	no	Wednesday Night Bible Class - James - 022124
ArB9rCBNUWU	20240219	4643	Clay Gentry	no	Sunday AM Worship - Come See - 2.18.2024
m_tHs5A9zjI	20240219	3157		no	Sunday AM Bible Class - It's Not Rocket Science - 2.18.2024
lxGospk5PmE	20240215	3174	Landon Loveall	no	Wednesday PM Bible Class - James - 2.14.2024
Bpyb3ijg4TM	20240212	5079	Clay Gentry	no	Sunday AM Worship - Trained By Grace - 2.11.2024
_ZiOHj4WpqY	20240212	3195		no	Sunday AM Bible Class - It's Not Rocket Science - 2.11.2024
RJatpmdrmJM	20240208	3261	Landon Loveall	no	Wednesday PM - Bible Class - James - 2.7.2024
G1Fov2u_D34	20240205	3170		no	Sunday Morning Bible Class - It's Not Rocket Science - 020424
LY32rA_UWPc	20240205	4706		no	Sunday AM Worship - Gracious-A Growing and Vibrant Church - 2.4.2024
x-87Q9-5gJo	20240204	3819	Clay Gentry	no	Sunday PM Worship - Lord of the Sabbath - 2.4.2024
7mum1lBG_8g	20240201	3324	Landon Loveall	no	Wednesday Bible Class - James - 1.31.24
0pQK8inwBV0	20240129	5627	Clay Gentry	no	Sunday AM Sermon - Our Message: The Gospel - 1.28.2024
kB26eLMhkiw	20240129	3974		no	Sunday PM - Singing - 1.28.2024
bFkiveWk0pc	20240125	3751	Landon Loveall	no	Wednesday Night Bible Class - James - 1242024
2t2In0HvfyU	20240115	4214	Charlie Norman	no	Sunday Evening Worship - Mozambique Report - 011424
N4bs95VyjAU	20240115	4030	Clay Gentry	no	Sunday AM Worship - Stop Sharing the Gospel - 1.14.2024
aOJbRmk_lq8	20240115	3856		no	Sunday AM Bible Class - It's Not Rocket Science - 12.14.2024
w2IJQoftS7o	20240111	3943	Landon Loveall	no	Wednesday Night Bible Class - James - 011024
A-gDjXSrRbc	20240108	4379	Clay Gentry	no	Sunday Evening Worship - Exploring Luke's Narrative - 010723
EP6P-z1VTeM	20240108	5305	Clay Gentry	no	Sunday AM Worship - A Growing and Vibrant Church - 1.7.2023
MD6My3ACvP8	20240108	3835		no	Sunday Morning Bible Class - It Is Not Rocket Science - 010724
icWhSkIQhDE	20240104	3846	Landon Loveall	no	Wednesday Night Bible Class - James - 010324
lW22bj0Mdqk	20240101	3846		no	Sunday Evening Worship - Singing/Scripture/Prayer Service - 123123
rz92hkPO2k4	20240101	3819		no	Sunday AM - Bible Class - It's Not Rocket Science - 12.31.2023
ve-S2w7db2Y	20240101	5204	Charlie Norman	no	Sunday AM Worship - Elder's Vision for 2024 - 12.31.2023
0yILq3uUB4I	20231228	3104	Blaine Hyle	no	Wednesday - Fall Focus - The Hidden Treasure/Pearl - 12.27.2023
T8HfZSKaZ10	20231225	5788		no	Sunday Morning Worship - What Do You Want From Me - 122423
mU7DKT923gI	20231225	3343		no	Sunday Evening Worship - Forgive: What you Give When You Forgive - 122423
1zFJWfqLZQY	20231218	6012		no	Sunday PM Worship - Malawi Report - 121723
V8dxfqCd6z8	20231217	3912	Doug Arney	no	Sunday AM Bible Class - 12.17.2023
GtO8eaesbzA	20231214	3440	Landon Loveall	no	Wednesday PM Bible Class - The Rich Fool - 12.13.2023
_qXNEAMrq0o	20231211	5347	Clay Gentry	no	Sunday AM Worship - Pharaoh and the Frogs - 12.10.2023
fXwZ1zEtM1Y	20231211	3679	Clay Gentry	no	Sunday Pm Worship - 5 Warnings In Hebrews - 12.10.2023
huUx9S3chLo	20231211	3799	Doug Arney	no	Sunday AM Bible Class - 12.10.2023
1LuhzyhUkOk	20231207	3158	David Ledford	no	Wednesday PM - Fall Focus - The Lost Sheep - 12.6.2023
g2M0qDN_gQw	20231204	4559	Clay Gentry	no	Sunday PM Worship - Salvation by Grace through Faith - 12.3.2023
xeYCwlv4f2U	20231203	1798	Doug Arney	no	Sunday AM Bible Class - 12.3.2023
hHzoNN4oIFk	20231130	3421		no	Wednesday PM - Fall Focus - The Prodigal Son - 11.29.2023
3HYLo9FtsxQ	20231127	3968		no	Sunday Evening Worship - Singing and Prayer Service - 112623
cLmWN9EwI2k	20231127	3758		no	Sunday Morning Bible Class - Story of the Resurrection - 112623
nNixB37t2zk	20231127	5726		no	Sunday Morning Worship - Godliness & Contentment - 112623
DZv468EV_Qs	20231123	3865	Seth McDonald	no	Wednesday PM - Fall Focus - The Sower - 11.22.2023
Mi4xS3lAj40	20231120	3793	Doug Arney	no	Sunday AM Bible Class - 11.19.2023
jWqD7KtSzJE	20231120	5990	Clay Gentry	no	Sunday AM Worship - The Secret to Contentment - 11.19.2023
9ILboHicUSQ	20231116	3428	Dick Sullivan	no	Wednesday PM - Fall Focus - Laborer's in the Vineyard - 11.15.2023
IiomrqBqFY4	20231113	3804	Doug Arney	no	Sunday AM Bible Class - 11.12.2023
W_TtG-LB8kM	20231112	4473	Clay Gentry	no	Sunday AM Worship - Discontentment in the Fall - 11.12.2023
bjvw3d9te4Y	20231109	3713		no	Wednesday PM Fall Focus - The Master of a Journey - 11.8.2023
9OsKdj9Zh2k	20231106	4767	Clay Gentry	no	Sunday PM Worship - Paul-the Anti-Jonah - 11.05.2023
JIWIuI-4Nmk	20231106	5102	Clay Gentry	no	Sunday AM Worship - Our Contented God - 11.05.2023
FgAudb8SLUA	20231105	4890	Matt Bassford	yes	Memorial Service for Matt Bassford  11.4.23
bPMukvS9ggA	20231030	4132		no	Sunday Evening Worship - Singing / Prayer Service - 102923
gN0KNcFc9KE	20231030	5364	Clay Gentry	no	Sunday Morning Worship - In The Beginning God - 102923
jxmjcxn9A4g	20231025	5351		no	Gospel Meeting 10.24.23 - The Great Designer
21r2kboO2f4	20231024	5894		no	Gospel Meeting - 10.23.23 - Science and Christianity
C_70BJSr0-M	20231023	3777		no	Can We Trust Our English Versions of the Bible (Part 1)
c2D1UnPdtG4	20231023	5937		no	Can We Trust Our English Versions of the Bible (Part 2) 102223
XcLRjqdsJBs	20231022	4860		no	Sunday AM Worship - Have This Mind - 10.22.2023
QGRmj3QwToo	20231019	2584		no	Wednesday - Fall Focus - The Wedding Feast - 10.18.2023
bQ5RnLg7Wiw	20231019	595		no	Wednesday - Fall Focus - The Wedding Feast - 10.18.2023
9vxobh8p4Pw	20231016	3753	Doug Arney	no	Sunday AM Bible Class - Story of the Resurrection - 10.15.2023
mrNKgqNhdnw	20231016	5396	Clay Gentry	no	Sunday AM Worship - God Shows No Partiality - 10.15.2023
VpWU7XDtFtw	20231011	3299	Andrew Dvorak	no	Wednesday PM - Fall Focus - The Cost of Discipleship - 10.11.23
55StQLwj5xE	20231009	5446	Clay Gentry	no	Sunday AM Worship - The Fear of God - 10.8.23
ceRDN8xdZRs	20231009	3665	Doug Arney	no	Sunday AM Bible Class - Story of the Resurrection - 10.8.23
j-DSkex9ZCY	20231009	4683	Clay Gentry	no	Sunday PM Worship - Simon the Sorcerer 10.8.23
x93AfSNwbLk	20231001	4277	Clay Gentry	no	Sunday Evening Worship - The Great Commission - 10.1.23
xF3U1EcGyi8	20231001	4852	Clay Gentry	no	Sunday AM - The Ascension of Jesus 10.1.23
IZz4jokFab8	20230928	3264	Blaine Hyle	no	Wednesday PM Bible Class - 2 Kings - 09272023
3Nc4RAtWUg8	20230925	4989		no	Sunday PM Worship - Singing - 09242023
_T_XVcZQu6M	20230925	3751		no	Sunday AM Bible Class - Vocabulary of Salvation - 09242023
0DARhLfuzJs	20230918	5493		no	Sunday Morning Worship - Jesus Will Reveal All Things - 091723
76lEFYdgmuo	20230918	3769		no	Sunday Morning Bible Class - Vocabulary of Salvation - 091723
jZtxZrzdBSE	20230914	3801	Blaine Hyle	no	Wednesday PM Services - 2 Kings - 09132023
8xYFjGjszc4	20230911	5205	Clay Gentry	no	Sunday AM Worship - Jesus Pierced Side
dcno8ci-60c	20230907	4075	Blaine Hyle	no	Wednesday PM Service - 2 Kings - 09062023
4wEpQAoLHcM	20230904	4795		no	Sunday PM Worship - Dominica Report - 090323
wGUjlWZad0k	20230904	3582		no	Sunday AM Bible Class - Vocabulary of Salvation - 09032023
CRCw_xQaXp8	20230831	3788	Blaine Hyle	no	Wednesday PM Service - 2 Kings - 08302023
-rDOdMj9gb0	20230828	5732	Clay Gentry	no	Sunday AM Worship - Jesus-Head Over All Things
3BZrYuJvrpI	20230828	3942		no	Sunday Evening Worship - Singing - 082723
v61MMlxcPF4	20230823	3979	Blaine Hyle	no	Wednesday Night Bible Class - 2 Kings - 08232023
DaWE-kP7ol0	20230821	5598	Clay Gentry	no	Sunday AM Worship - The Parable of the two Debtors - 08202023
huUGeZR8lj4	20230821	3482	Clay Gentry	no	Sunday Night Worship - Faithful friends - 082023
Wp5OredIPKo	20230820	3538		no	Sunday AM Bible Class - Vocabulary of Salvation - 08202023
4iVmPaBJqlM	20230817	3597	Blaine Hyle	no	Wednesday PM Bible Class - 2 Kings - 08-16-2023
-QEExATI_3A	20230814	5280		no	Sunday Morning Worship - Lost, Found, Rejoice - 081323
wv3F2sQmwqo	20230809	3764	Blaine Hyle	no	Wednesday Night Bible Class - 2 Kings - 08092023
5QJelc6K_7Q	20230807	3533		no	Sunday Morning Bible Class - Vocabulary of Salvation
EMDN_sAgrQU	20230807	4578	Clay Gentry	no	Sunday AM Worship - Not by Our Power or Piety
flOyeIn8kS4	20230803	3936	Blaine Hyle	no	Wednesday Night Bible Class - 2 Kings - 08022023
0bxU9FnXRLE	20230731	5442	Josh Tolbert	yes	Sunday AM Worship - Fall of Babylon - 07302023
41-JRA99pCk	20230731	4891		no	Sunday Evening Worship - Prayer and Song Service 7.30.2023
9WogD9yHiHs	20230731	3796		no	Sunday AM Bible Class - Vocabulary of Salvation - 07302023
sN7c1Y109kE	20230727	3948	Blaine Hyle	no	Wednesday PM Service - 2 Kings - 07262023
IMQLVZ25wiU	20230724	3875		no	Sunday AM Worship - Vocabulary of Salvation - 07230223
MTvCLDuzaI0	20230724	6244	Clay Gentry	no	Sunday AM Worship - The Incarnation - 07232023
jejfEsQYwGE	20230724	4823	Clay Gentry	no	Sunday Evening Worship - Barred from the Promised Land - 072323
6ujivLrhlYE	20230720	3747	Blaine Hyle	no	Wednesday Night Bible Class - 2 Kings - 07192023
2T_V9a-9DNk	20230717	3877		no	Sunday AM Bible Class - Vocabulary of Salvation - 07162023
fdIoNjSzhZM	20230717	4589		no	Sunday AM Worship - Philip and the Ethiopian Eunuch
7NPPhuRPT5c	20230713	1895	Blaine Hyle	no	Wednesday PM Bible Class - 2 Kings - 07122023
BrV65PBpDic	20230713	436	Blaine Hyle	no	Wednesday Night Bible Class - 2 Kings - 07122023
xALnJiGYOV4	20230712	616	Blaine Hyle	no	Wednesday Night Bible Class - 2 Kings - 07122023
CUe8ad9gg-8	20230710	4134	Clay Gentry	no	Sunday AM Worship - A Desperate Faith - 07092023
WmQAClPTz6s	20230705	4167	Blaine Hyle	no	Wednesday Night Bible Class - 2 Kings - 07052023
Gc1A0HXxPcs	20230703	4883	Clay Gentry	no	Sunday PM Worship - You were Ready 16 years ago
MvCGg-bfkj8	20230703	6152	Clay Gentry	no	Sunday AM Worship - The Gospel According to David and Bathsheba
aQCDOhfsYQI	20230703	3933		no	Sunday AM Bible Class - Vocabulary of Salvation - 07022023
E41RlPEYp8w	20230628	4367		no	Tuesday PM Services - VBS - Salt and Light
VYbJYm3aGIY	20230628	4742		no	Wednesday PM - VBS - Parable Of The Prodigal Son
7vD3M2iG5XY	20230626	5519		no	Sunday AM Worship - One Day with the Good Shepherd
DlfHQZ5cA50	20230626	3974		no	Sunday AM Bible Class - VBS - 06252023
HC7xdJ-ZYDY	20230626	4679		no	Sunday Evening Worship VBS - Parable of the Good Soils - 6252023
Ly3tk26j1GI	20230622	4090	Landon Loveall	no	Wednesday Night Bible Class - 1 Kings - 06212023
PBX5Xmh0hD4	20230619	4736	Clay Gentry	no	Sunday PM Worship - The Revival of Josiah's - 06182023
VPEKrm-gYFU	20230618	4659	Clay Gentry	no	Sunday AM Worship - What Have They Seen In Your House - 06182023
5Yx-PcS1FLo	20230612	3319		no	Sunday Morning Bible Class - Things that Accompany Salvation - 061123
7O5S20jAgUU	20230612	5345	Clay Gentry	no	Sunday Morning Worship - Five Benefits of the Assembly - 061123
HG8i6qRhY6U	20230608	3478	Landon Loveall	no	Wednesday Night Bible Class - 1 Kings - 060723
i4aNMi4uP90	20230605	4950		no	Sunday AM Worship - When Life Overwhelms - 06042023
W1u_pmm6EVU	20230604	3468	Charlie Norman	no	Sunday AM Bible Class - Things that Accompany Salvation - 06042023
xt7NfVxqY0w	20230604	4851	Landon Loveall	no	Sunday Evening Worship - This Act of Grace - 06042023
I_nmWcfu-SI	20230529	5421	Clay Gentry	no	Sunday AM Worship - The Terrifying Prospect of Trusting God
PRPUSf5jLHw	20230529	5706		no	Sunday Evening Singing 5.28.2023
meFKxJQR8y0	20230525	3767	Clay Gentry	no	Sunday PM Worship - The Temple & The Church - 052123
VtDCPg_ibFs	20230522	4968	Clay Gentry	no	Sunday PM Worship - The Temple & The Church - 052123
oxVWWEBlBI4	20230522	5256	Clay Gentry	no	Sunday AM Worship - Better than Solomon's Clothes
w26sWhbpgMY	20230521	4152		no	Sunday Morning Bible Class - Thins That Accompany Salvation - 52123
7W0aT6heTVM	20230518	3133	Landon Loveall	no	Wednesday Night Bible Class - 1 Kings - 051723
3nYNfDET6RU	20230515	4956	Charlie Norman	no	Sunday Morning Bible Class - Things that Accompany Salvation - 051423
DeubJsT1M5M	20230515	3639	Charlie Norman	no	Sunday Morning Bible Class - Things that Accompany Salvation - 051423
J3Qmv3TEHUM	20230515	4069	Charlie Norman	no	Sunday Morning Bible Class - Things that Accompany Salvation - 051423
p_bgWEP5peA	20230511	4081	Landon Loveall	no	Wednesday Night Bible Class - 1 Kings - 051023
2nZaef4NtGg	20230508	3859	Charlie Norman	no	Sunday AM Bible Class - Things that Accompany Salvation - 05072023
FDqJ-fJoddo	20230508	4851	Clay Gentry	no	Sunday Evening Worship - David and God's Wrath - 050723
H-TDPWAe4vo	20230501	4708	Doug Arney	no	Sunday AM Worship - Psalm 71 - 04302023
gjmzu2kAuX0	20230501	3923	Charlie Norman	no	Sunday AM Bible Class - Things that Accompany Salvation - 04302023
LXuROaCr5xM	20230427	3906	Landon Loveall	no	Wednesday Night Bible Class - 1 Kings - 04262023
7934CvkyDP4	20230424	3691	Charlie Norman	no	Things that Accompany Salvation - 04232023
aP0QkPNBX7M	20230424	5764	Clay Gentry	no	Sunday AM Worship - Remember to Tell
Z7D1gY8HGvI	20230420	4125	Landon Loveall	no	Wednesday Night Bible Class - 1 Kings - 041923
3RPtSJ8mClM	20230417	5413	Clay Gentry	no	Sunday Evening Worship - The Gospel According to David and Goliath   4/16/2023
iOOjEtTZuJA	20230417	5718	Clay Gentry	no	Sunday Morning Worship - Remembering the Covenant  4/16/2023
mJmkBWiNwTA	20230417	3750	Charlie Norman	no	Sunday Morning Bible Class - Things that Accompany Salvation - 041623
G6JxtmnTZFo	20230410	4686	Clay Gentry	no	Sunday Evening Worship - The Rejection of King God - 040923
qGUnVct0WUE	20230406	3885	Landon Loveall	no	Wednesday Night Bible Class - 1 Kings - 040523
6hB9QgqZW-U	20230403	4802	Clay Gentry	no	Sunday Morning Worship - Remember To Live - 040223
A5t7oIpmofI	20230403	4522	Clay Gentry	no	Sunday Evening Worship - Ruth - Fields of Grace - 040223
adROOk825R8	20230403	3631	Charlie Norman	no	Sunday Morning Bible Class - Things That Accompany Salvation - 040223
-te1XCBk8nE	20230330	3877	Josh Tolbert	no	Wednesday Night Bible Class - 2 Samuel - 032923
2K4ksMC7jhM	20230327	5457	Clay Gentry	no	Sunday AM Worship - The Qualities Needed for the Good Work of Shepherding
gbbnhgG5Ijk	20230327	3924		no	Sunday AM Bible Class - Genesis
VIaU-amvNrQ	20230326	5718		no	Sunday Evening Worship - Singing - 032623
JJ8-lG2Mpc8	20230323	3617		no	Wednesday Night Bible Class - 2nd Samuel - 032223
Im3s_W4gg7Q	20230320	4581	Clay Gentry	no	Sunday Evening Worship - Deuteronomy: The Last Words of Moses
J3TKCpoap-o	20230320	3505		no	Sunday Morning Bible Class - Genesis - 031923
vDE2AmjQReI	20230319	5654	Clay Gentry	no	Sunday AM Worship - The Good Works of Shepherds
zTeoaqJNmxg	20230316	3553	Josh Tolbert	yes	Wednesday PM -  Bible Class - 2 Samuel - 03152023
7Pir3WvrLxY	20230313	3698		no	Sunday Morning Bible Class - Genesis - 03122023
nAABfri3H_U	20230313	4649	Josh Tolbert	yes	Sunday Night Worship - Nicodemus - 031223
AQ6PB1aVHH8	20230306	3876		no	Sunday AM - Bible Class - Genesis 03052023
h-l4AuWT3-0	20230306	5492	Clay Gentry	no	Sunday AM - Worship - The Tabernacle-God Dwells with His People
3WBNMtg75PU	20230227	6225	Clay Gentry	no	Sunday AM - Worship - Pharaoh's Hard Heart
Mf-Zl5HjlFI	20230227	3825		no	Sunday AM - Bible Class - Genesis - 02-26-2023
wBU9iP7zJFE	20230226	6283		no	Sunday PM - 02262023
5Jww2-a98L8	20230223	3638	Josh Tolbert	no	Wednesday Night Bible Class - 2 Samuel - Lesson 8
3RTSzMvvAdc	20230220	5679	Clay Gentry	no	Sunday Morning Worship - Joseph and Jesus - 021923
AHCe2aPhHPg	20230220	4223		no	Sunday Morning Bible Class - Genesis - 021923
njd0FJK-tBE	20230220	5383	Clay Gentry	no	Sunday Night Worship - The Tragic Tale of Ahithophel - 021923
iqN23ucGZSc	20230216	3860		no	Wednesday Night Bible Class - 2 Samuel - 02-15-23
7aaU08z54lo	20230213	5623	Clay Gentry	no	Sunday AM Worship - Wrestling with God
Voqtzm5vodE	20230212	3377		no	Sunday Morning Bible Class - Genesis - 021223
NhtfT66S7oA	20230206	5957	Clay Gentry	no	Sunday AM Worship - Passing the Test - 02-05-23
QYO2SLItZks	20230206	3327		no	Sunday AM Bible Class - Genesis Lesson 6
HbEFVM_igv8	20230126	3811	Josh Tolbert	yes	Wednesday Bible Class - 2 Samuel - Lesson 4
HaAV43Ir62c	20230123	5300	Clay Gentry	no	Sunday PM Worship - Fly in the Ointment
JU8L9DPz2_4	20230123	6176	Clay Gentry	no	Sunday AM Worship - Assumptions About Suffering
Vn6naQO_Bik	20230119	3816	Josh Tolbert	yes	Wednesday PM Service - 2 Samuel - Lesson 3
2i2Pw-nxnrQ	20230116	4087	Clay Gentry	no	Sunday PM Worship - God Remembered Noah - 011523
4GzFTIlcYXs	20230116	3896		no	Sunday AM Bible Class - Study of Genesis
8eJ_Qkg3uNw	20230112	3952	Josh Tolbert	yes	Wednesday Night Bible Class - 2 Samuel - 1Jan2023 - Lesson 2
Gh0jjy3ff6g	20230109	3713		no	Sunday AM Bible Class - Genesis
annOW6atbWs	20230109	5404	Clay Gentry	no	Sunday AM Worship - Hiding from God
9TcFaklHrmo	20230105	3963		no	Wednesday Bible Class - 12042023
jeJ13UA9FqE	20230102	5359		no	Sunday Morning Worship - Elder's Vision 2023
xNeKoAiT3W4	20230101	3845		no	Sunday Morning Bible Class - Genesis
3s2aIgydoEA	20221226	4873	Clay Gentry	no	Sunday AM Worship - Immanuel-God with Us
ISUE6CmrHYs	20221226	4780		no	Sunday PM Worship - Singing - 12252022
hKL-DPTyv4Q	20221222	4096	Seth McDonald	no	Fall Focus - Devoted To Purity
N2sOB7agpIs	20221219	4264		no	Sunday PM Worship - 12182022
g9-ZihFVebU	20221219	3899	Blaine Hyle	no	Sunday AM Bible Class - 12 Ordinary Men
Wb3IfGCaAAk	20221218	5782	Clay Gentry	no	Sunday AM Worship - Leave Your Nets
IMie1qR1Wns	20221215	3925	Ben Prasser	no	Wednesday Bible Class - Devoted to Prayer
fzWcmW_ETcY	20221212	3874	Blaine Hyle	no	Sunday AM Bible Class - 12 Ordinary Men
p6Xh4zcZQt4	20221212	4533	Clay Gentry	no	Sunday PM - Lifted Up on the Cross
wS08MC_Jo2w	20221211	4576	Clay Gentry	no	Sunday AM Worship - The Problem with Idols
ETsTiqtxLSA	20221205	4971	Clay Gentry	no	Sunday AM Worship - Whom Does Jesus Reject
xOU8b4gY1E0	20221204	3944	Blaine Hyle	no	Sunday AM Bible Class - 12 Ordinary Men
_mz6zF7R1sc	20221201	3923		no	Fall Focus - Devoted To Good Works
90UhX-asT0M	20221128	4803		no	Sunday Evening Worship - Singing
Jy9KV0yMCgE	20221128	6434		no	Sunday Morning Worship - When Enough is Enough - Thanksgiving and Contentment in Jesus
niXehns1hv8	20221124	3355	Rufus Clifford III	no	Fall Focus - Devoted to Reading and Teaching the Word
ar5-WueJoEk	20221121	5796	Clay Gentry	no	Sunday AM Worship - Giving Thanks in all Circumstances
xF8AqFBWmds	20221117	3414		no	Fall Focus Series - Devoted To One Another
6O98p6uBNOI	20221114	4793	Clay Gentry	no	Sunday Evening Worship - Remembering the Sabbath: Part 2
hekUIWgBD7U	20221114	3900		no	Sunday AM - Bible Class - 11132022
VlbktOfxdZY	20221113	1181	Clay Gentry	no	Sunday AM Worship - Abounding in Thanksgiving
cBxydLOGGGw	20221110	3798		no	Wednesday Bible Class - Devoted to Family
2-7RdzV9LAA	20221107	4648		no	Sunday PM Worship - Remembering the Sabbath: A Biblical Survey 1
fZtRJdzazgE	20221107	3497		no	Sunday Morning Bible Class -12 Ordinary Men
xoxwFYmkpgA	20221106	6242		no	Sunday Morning Worship - Thanksgiving: The Dangers of Grumbling
rAR3GLPcMLk	20221103	3309		no	Wednesday Fall Focus - Devoted to Worship
cHb0VvmqvsU	20221031	3686		no	Sunday Morning Bible Class - 12 Ordinary Men
de3xpPx1dmM	20221031	5067		no	Sunday Evening Worship - Young Men Prayer Service
aNlQY9piR9c	20221027	3316	Clay Gentry	no	Fall Focus - Devoted to Righteousness
EgGPjFkDa1Y	20221024	5041	Clay Gentry	no	Sunday Morning Worship - Two Appetites
K3eDsyM53NU	20221024	5326	Clay Gentry	no	Sunday Evening Worship - Praise at the Sea, Protest at the Waters
f1cLJrlbDg0	20221024	3239		no	Sunday Morning Bible Class - 12 Ordinary Men
prJAKNi53Ig	20221020	4490		no	Gospel Meeting Wednesday Night - The Best Days Are Ahead
dRtML0QwBfw	20221019	4693		no	Gospel Meeting Tuesday Night - The Blessing of Walking Together
MN33rFn6208	20221018	4649		no	Gospel Meeting Monday Night - Big Faith in Every Chapter of Life
6UEPHCZ4W0o	20221017	3761		no	Sunday AM Bible Class - 10162022
FIk6AYBcS1o	20221017	5879		no	Sunday AM Bible Worship - There is always a Harvest
socG5p6xA2g	20221013	3716		no	Wednesday - Bible Class - Fall Focus 10122022
JZ6Pwpbys04	20221010	4715		no	Sunday Evening Worship - Prejudice
_RDPm72fOxk	20221010	4103		no	Sunday Morning Bible Class - 12 Ordinary Men
d1h3_2MDqTs	20221010	5019		no	Sunday Morning Worship - The Two Questions
7XE3FZVq2s8	20221006	3916		no	Fall Focus 2022
8pAkF2WfQig	20221003	4519		no	Sunday Evening Worship - Christ Our Light
FIO_HsClAK0	20221003	3931		no	Sunday Morning Bible Class - 12 Ordinary Men
nk38tGcexCg	20221003	5187		no	Sunday Morning Worship - Devoted to Prayer
N88zynXKM1E	20220929	3671		no	Wednesday Evening Bible Class - Worshipping The Psalms
FT0zFkCTtJQ	20220926	4897		no	Sunday Morning Worship - Born Again
HiOYxogdBoQ	20220922	3683		no	Wednesday Bible Class - Singing the Psalms
H4Rg_sPOuL0	20220919	4887		no	Sunday Evening Worship - The Mighty Arm of God
DybdbrzaOKQ	20220915	3882		no	Wednesday Night Bible Class - Worshipping with the Psalms
0TwSBBgLDrU	20220912	3550		no	Sunday AM - Bible Class - Messianic Psalms
2c9JA14ydT8	20220912	6132	Clay Gentry	no	Sunday AM - Worship - Ritual or Worship
IbPv2keKuOk	20220905	3781		no	Sunday Morning Bible Class - Messianic Psalms
x3nVRhmToAM	20220904	4177		no	Sunday Evening Worship - Malawi Report
VNa6BsfF5bc	20220824	4004		no	Wednesday - Singing the Psalms
AnvtP5B9JKY	20220822	4886	Matt Bassford	yes	Sunday Morning Bible Class - Unity
EPveecWFBJw	20220822	3725		no	Sunday Morning Bible Class - Messianic Psalms
n14dGHMsYd4	20220822	5022	Matt Bassford	yes	Sunday Morning Bible Class - Unity
-2wJQed4VJM	20220818	2987		no	Wednesday Bible Class - Singing the Psalms
izLyW8YVXNw	20220815	5172		no	Sunday AM Worship  -  Kindness
VjOb53aUOc8	20220814	5442		no	Sunday Evening Worship - The birth of moses
e3kX4_JgN7Y	20220811	3789		no	Sunday PM Bible Class - Singing the Psalms
UoxJr-k-AKI	20220808	5065	Clay Gentry	no	Sunday Evening Worship - The Loyal Faith of Joseph
lCouUQ6HoIk	20220808	3894		no	Sunday Morning Bible Class - Messianic Psalms
AuzCRNrGoxY	20220804	3812		no	Wednesday Bible Class - Singing the Psalms
U3SXX5hYQg8	20220801	3555		no	Sunday Evening Worship - Young Men's Service
ch-RYlA4fcg	20220801	5646	Clay Gentry	no	Sunday Morning Worship - The Rich Man and Lazarus
4NML_VM7b2g	20220725	5086	Matt Bassford	yes	Sunday Morning Worship - In the Breaking of the Bread
9JVCnJMenH0	20220725	4595	Josh Tolbert	yes	Sunday Evening Worship - You have gone too far
bNvyVKNr9vs	20220725	3815	Andrew Dvorak	no	Sunday Morning Bible Class - Messianic Psalms
3NIqeKaIPRs	20220721	3757	Matt Bassford	yes	Wednesday Night Bible Class - Worshipping with the  Psalms
aQiJT6xR5Vc	20220718	5926	Clay Gentry	no	Sunday Morning Worship - Breaking Bread in the Kingdom
mQUHq1BfgI0	20220718	4434	Matt Bassford	yes	Sunday PM - The Sacrifice of Isaac
mliq-owBDVM	20220714	3756	Matt Bassford	no	Wednesday Night Bible Class - Worshipping with the Psalms
gTzioJERS7I	20220711	4786	Clay Gentry	no	Sunday Evening Worship - Sarah and Hagar
xjP-n737JJM	20220711	4932	Matt Bassford	no	Sunday Morning Bible Class - Abortion and the Bible
X6fjwX5f6bU	20220710	4095	Andrew Dvorak	no	Sunday AM Bible Class - Messianic Psalms
xjP-n737JJM	20220710	4932	Matt Bassford	no	Sunday Morning Bible Class - Abortion and the Bible
gLw5TPnhcE8	20220707	3970		no	Wednesday Bible Class - Worshipping with the Psalms
1U1n2l52UO4	20220704	4236	Matt Bassford	yes	Sunday Evening Worship - Looking Back
cRYhs07sQBI	20220704	5977	Clay Gentry	no	Almost Persuaded
4hwCKjboABg	20220629	4782	Mitch Stevens	no	Tuesday Evening VBS
PF-qlek2CMo	20220628	5508	Mitch Stevens	no	Monday Evening VBS
6RQHiaNUO8U	20220627	5681	Mitch Stevens	no	Sunday Evening VBS - A Brave Heart
xhgaFwhmYtY	20220626	4422	Mitch Stevens	no	Sunday AM VBS - Passionate Heart
gKxNfKl-6Tw	20220620	3706	Josh Tolbert	no	Sunday Morning Bible Class - 1 Samuel
EeoCfF8MFaU	20220613	3606	Josh Tolbert	yes	Sunday Morning Bible Class - 1 Samuel
d-772kRy_yY	20220613	5096	Clay Gentry	no	Sunday Morning Worship - Recreated Through Water
yba4J_d8oaM	20220613	4243	Matt Bassford	yes	Sunday PM Services - Saved Through Water
6X2a3JQ5JZQ	20220609	3983	Ben Prasser	no	Wednesday Bible Class - Acts
VmgzCbIjfaQ	20220606	4503	Matt Bassford	yes	Sunday AM Worship - Christ Our  Shepherd
dkvmLgCWsPA	20220606	4075	Josh Tolbert	yes	Sunday AM - Bible Class
VmgzCbIjfaQ	20220605	4503	Matt Bassford	yes	Sunday AM Worship - Christ Our  Shepherd
aVL_W1btqKI	20220602	3905	Clay Gentry	no	Wednesday Bible Class - Acts
nU-TEKcnJcQ	20220530	5409	Clay Gentry	no	Sunday Morning Worship - Listen to Jesus
I2zymlC53vE	20220526	4325	Clay Gentry	no	Wednesday PM Bible Class - Acts
BOu8OLtzhjw	20220523	4913		no	Sunday Evening - Singing
iHcU7u_aOM0	20220523	4707	Matt Bassford	yes	Sunday AM Worship - The Fruits of Financial Fellowship
McO4viCpIu4	20220519	4065	Clay Gentry	no	Wednesday Bible Class - Acts
-Os-8p5JmbY	20220516	3946	Josh Tolbert	no	Sunday Morning Bible Class - 1 Samuel
5UpYWZCR8ZY	20220516	5595	Clay Gentry	no	Sunday Morning Worship - The Fruits Of Financial Fellowship
DVtlEivAbl8	20220516	4573	Clay Gentry	no	Sunday Evening Worship - Satan's Copies
clH_6-sRRoM	20220512	4000		no	Wednesday Night Bible Class - ACTS
_wZejRnLkZw	20220509	6077	Clay Gentry	no	Sunday Morning Worship- Strong Women of Faith
JVQzYGvtWYs	20220505	3962	Clay Gentry	no	Wednesday Bible Class - Acts
5PfXdVNa_7A	20220502	3856		no	Sunday Morning Bible Class - 1 Samuel
Ci0wMI8-STU	20220502	4225	Landon Loveall	no	Sunday Evening Worship - Back to the Garden
GXK9X1VPuto	20220428	3797		no	Wednesday Night Bible Class - ACTS
D7IpVR9nDMM	20220425	5318		no	Sunday PM Worship - Singing
a1BStE8BhCA	20220425	5315	Clay Gentry	no	Sunday Morning Bible Class - Barnabas - Devoted to the Fellowship of People
W1n-qGoscBU	20220418	3712	Josh Tolbert	no	Sunday AM - Bible Class 04172022
bbM0xd0lSgE	20220418	5155	Clay Gentry	no	Sunday Morning Bible Class - Resurrection Authority
fKNdWwa29oI	20220418	4451	Matt Bassford	yes	Sunday PM Worship - The Throne Scene in Revelation
W1n-qGoscBU	20220417	3712	Josh Tolbert	no	Sunday AM - Bible Class 04172022
-qdVMbx9eBg	20220414	3171	Clay Gentry	no	Wednesday Bible Class - Acts
MpXcKyIx3Lc	20220411	4965		no	Sunday Evening Worship - The Church Of Ephesus
MunzrQbIAc8	20220411	5839	Clay Gentry	no	Sunday Morning Worship - Barnabas: Devoted to Fellowship
h-OgkrLdyFo	20220411	3351	Josh Tolbert	no	Sunday Morning Bible Class - 1 Samuel - 041022
PFsE8XiXrk0	20220407	4023	Clay Gentry	no	Wednesday Bible Class - Acts
0Oyukr1fJNo	20220404	4611	Doug Arney	no	Sunday Evening Worship - The Empty Tomb
3dZ1XFe8BLs	20220404	3800	Josh Tolbert	yes	Sunday Morning Bible Class - 1 Samuel
BZEkSsNrGk0	20220404	4872	Matt Bassford	yes	Sunday Morning Worship - New Testament Fellowship
6qCfXfVJnkY	20220331	3742	Greg Roark	no	Wednesday Bible Class - Mozambique
M-O_0s1lYKY	20220328	3717	Matt Bassford	no	Sunday Morning Bible Class - Principles Of Praise
mrbqQgfnz0c	20220328	5244	Clay Gentry	no	Sunday Morning Worship - The Conversion of Cornelius
w8CujZoCu0s	20220327	4985		no	Sunday Evening Monthly Singing
o2W97icxEmM	20220324	3744	Clay Gentry	no	Wednesday Night Bible Class - Acts
4XDzpxMCv3k	20220321	4689	Matt Bassford	yes	Sunday Morning Worship - God's Great Love
C4gQkTs7xEA	20220321	3801	Matt Bassford	yes	Sunday Morning Bible Class-  Principles Of Praise
-b-flk4jbjI	20220314	4965	Clay Gentry	no	Sunday Morning Worship - Saints in Caesar's Household
CKT26pjFP4o	20220314	4187	Clay Gentry	no	Sunday PM Worship - 03132022
IcEbKy8wOGo	20220314	3843	Matt Bassford	yes	Sunday Morning Bible Class - Principles of Praise
eQpAhJORupw	20220307	3798	Matt Bassford	yes	Sunday Morning Bible Class - Principles of Praise
JzsC9lmE9Ho	20220303	3890	Clay Gentry	no	Wednesday Bible Class - Acts
9IsN5c1sH8U	20220302	4815	Matt Bassford	yes	Sunday AM Worship: "If Christ Is Raised"
ElBAwnJ-iE0	20220302	3423	Matt Bassford	no	Sunday PM Worship: "A First-Century Memory Verse"
M4w60jDIAcQ	20220302	2734	Clay Gentry	yes	Wed PM Bible Study: "ACTS" (Week 7)
N7H4TRE6lXk	20220302	2874	Clay Gentry	yes	Wed PM Bible Study: "ACTS" (Week 8)
X5ib6JUw8lo	20220302	4707	Clay Gentry	yes	Sunday PM Worship: "The Apostles"
c9kvI-yIDEw	20220302	4783	Clay Gentry	no	Sunday AM Worship: "Raised Up"
j8-krl5Ws44	20220302	3769	Matt Bassford	no	Sunday PM Worship: "Faith in the Storm"
tosZtUNyRgw	20220302	2958	Matt Bassford	yes	Sunday AM Bible Study: "Principles of Praise" (Week 7)
wCLRzAQvdGc	20220302	4647	Clay Gentry	yes	Sunday AM Worship: "HEALED"
zI5JVO4WTCk	20220302	3009	Matt Bassford	yes	Sunday AM Bible Study: "Principles of Praise" (Week 8)
24AXGOGni2Q	20220301	4009	Clay Gentry	yes	Sunday PM Worship: "Four Reasons to Change"
AYUaFNOB6W4	20220301	4003	Matt Bassford	yes	Sunday AM Worship: "Devoted to the Teachings of the Apostles"
Wkq5UZIWPEw	20220301	2250	Isaac Gentry	yes	Sunday PM Worship: "Paul's Prayer to the Colossians"
ZKFSKPDe2RQ	20220301	3055	Clay Gentry	yes	Wed PM Bible Study: "ACTS" (Week 5)
b9jO1KCCUGQ	20220301	2480	Clay Gentry	yes	Wed PM Bible Study: "ACTS" (Week 6)
fFEU4rl1NXw	20220301	2973	Matt Bassford	yes	Sunday AM Bible Study: "Principles of Praise" (Week 6)
l5rZQ1wuhas	20220301	2926	Matt Bassford	yes	Sunday AM Bible Study: "Principles of Praise" (Week 5)
5hH8cA8UuAY	20220228	4604	Clay Gentry	yes	Sunday AM Worship: "Give Jesus"
ql9CVNzORXM	20220228	3030	Matt Bassford	yes	Sunday AM Bible Study: "Principles of Praise" (Week 4)
9IOFc2meoT4	20220227	4598	Matt Bassford	yes	Sunday AM Worship: "Righteousness Through Faith"
LoVZ5NpVqWQ	20220227	2728	Clay Gentry	yes	Wed PM Bible Study: "ACTS" (Week 3)
Oo5hzuWfREw	20220227	3031	Matt Bassford	yes	Sunday AM Bible Study: "Principles of Praise" (Week 3)
_R2CezgwmFg	20220227	2734	Matt Bassford	yes	Wed PM Bible Study: "ACTS" (Week 2)
iWiotFRsmd0	20220227	4371	Clay Gentry	yes	Sunday PM Worship: "How To Give A Defense For Your Hope"
9qiV290fAmE	20220215	2834	Clay Gentry	yes	Wed PM Bible Study: "ACTS" (Week 1)
Ogx7fkxCxqE	20220215	4778	Charlie Norman	yes	Sunday AM Worship: "Elders' Vision for 2022"
PvQOhH397-I	20220215	3810	David Ledford	no	Sunday PM Worship: "Light"
sBCPmhjOgCE	20220215	3123	Matt Bassford	yes	Sunday AM Bible Study: "Principles of Praise" (Week 2)
8kjmAcTzxr4	20220122	2931	Matt Bassford	yes	Sunday PM Worship: "How We Should Walk"
q9nnYGb3Dbc	20220122	4454	Clay Gentry,Tim Garrison	yes	Sunday AM Worship: "The End is at Hand"
Rw9eJWUmfgo	20220121	3209	Ben Prasser,Mike Young	yes	Sunday PM Worship: Singing Night
Ww6FqoA7BO0	20220121	2966	Matt Bassford	yes	Sunday AM Bible Study: "Principles of Praise" (Week 1)
iKjhvCrY2FE	20220121	2971	Matt Bassford	yes	Wednesday PM Bible Study: "Psalm 27"
9C-seT7ZLbI	20220120	3787	Clay Gentry	no	Sunday AM Worship: "Lot's Daughters and the Rationalization of Sin"
DjBfvrNZ6mA	20220120	4233	Matt Bassford	yes	Sunday AM Worship: "Having The Mind of Christ"
rkuCjQw1yjk	20220120	4251	Josh Tolbert	yes	Sunday PM Worship: "Paul and Felix"
sh0p1cmAhv0	20220120	3108	Charlie Norman	yes	Sunday AM Bible Study: "Walking in the Light" (Week 13)
0EWZs9jK0I0	20220119	2998	Charlie Norman	yes	Sunday AM Bible Study: "Walking in the Light" (Week 12)
2_MdmFiByBg	20220119	3968	Clay Gentry,Mike Young	yes	Sunday PM Worship: "Courage for the Journey"
EA9sQKivTQk	20220119	4990	Ben Prasser,Matt Bassford	yes	Sunday AM Worship: "Departing From The Pattern"
G9rWJChVkLc	20220119	2685	Ben Prasser	yes	Fall Focus Series: "The Light of Christ"
hePX5LnOdqY	20220113	2754	Charlie Norman	yes	Sunday AM Bible Study: "Walking in the Light" (Week 11)
gaMZimJIhAk	20220112	3380	Matt Bassford,Clay Gentry	yes	Sunday PM Worship: "Introduction to Romans" (Pt. 6)
ovsWjBogwQc	20220112	2567	Tim Garrison	yes	Fall Focus Series: "The Light Within Us"
rac8I0Aon3E	20220110	4458	Ben Prasser,Clay Gentry	yes	Sunday AM Worship: "Lot's Paradise"
8ewkXwOYlmM	20220109	1734	Michael Fedders	yes	Fall Focus Series: "The Author of Light"
9kvrhsjljf8	20220109	3953	Matt Bassford	yes	Sunday AM Worship: "Making Peace With The Past"
TpSRGOfp2-E	20220109	3217	Dick Sullivan	no	Fall Focus Series: "Faith, Baptism, and Works"
YoZp8pvJqtw	20220109	3141		yes	Sunday PM Worship: "Singing Night"
exqCL1SqaOY	20220109	2973	Charlie Norman	yes	Sunday AM Bible Study: "Walking in the Light" (Week 10)
iOJnQ9HJpyI	20220109	2899	Charlie Norman	yes	Sunday AM Bible Study: "Walking in the Light" (Week 9)
eCYWzm_xDS0	20220108	4260	Clay Gentry,David Ledford	yes	Sunday PM Worship: "Introduction to Romans" (Pt.5)
JfM8hE6AuHI	20220107	3946	Clay Gentry,Mike Young	yes	Sunday AM Worship: "Abraham's Dust" (Pt.1)
iex1KZupQeU	20220106	2943	Charlie Norman	yes	Sunday AM Bible Study: "Walking in the Light" (Week 8)
El3DzhFmWBc	20220105	2892	Blaine Hyle	yes	Fall Focus Series: "The Fellowship of Light and Darkness"
QUhpISGQHnY	20220105	2302	Doug Arney	yes	Fall Focus Series: "Jesus the Light of the World"
XAXrfGVXKjk	20220105	3859	Matt Bassford,Clay Gentry	yes	Sunday PM Worship: "Introduction to Romans" (Pt. 4)
XZyqt79hlog	20220105	4917	Clay Gentry	yes	Sunday AM Worship: "Lost and Found"
inULuQ8iXdM	20220105	2974	Charlie Norman	yes	Sunday AM Bible Study: "Walking in the Light" (Week 7)
KKHCpivebMk	20211225	4332	Matt Bassford	yes	Sunday AM Worship: "Straight Talk About Hell"
djjENAdvGhM	20211225	3982	Matt Bassford,Clay Gentry	yes	Sunday PM Worship: "Introduction to Romans" (Pt. 3)
NUSzFH5aDEU	20211224	3178	Michael Youngblood	yes	Fall Focus Series: "What the Light Shows About Us"
_0Do8hlr_fk	20211224	3046	Charlie Norman	yes	Sunday AM Bible Study: "Walking in the Light" (Week 6)
cSRtbV3ZEsQ	20211224	3899	Matt Bassford,Clay Gentry	yes	Sunday PM Worship: "Introduction to Romans" (Pt. 2)
jSrLJAsK1QM	20211224	2431	Mike Young	yes	Fall Focus Series: "The Light of the Gospel"
k4JzkSi5Hpw	20211224	5472	Clay Gentry	yes	Sunday AM Worship: Prayer Service
sPwSBKRUbP8	20211224	3903	Ben Prasser,Mike Young,Tim Garrison	yes	Sunday PM Worship: "Singing Night"
xkDWLNSF-q4	20211224	2964	Charlie Norman	no	Sunday AM Bible Study: "Walking in the Light" (Week 5)
4zEUyFCih78	20211223	4639	Clay Gentry	yes	Sunday AM Worship: "And David Danced"
I-TlldiCDkk	20211216	3051	Charlie Norman	no	Sunday AM Bible Study: "Walking in the Light" (Week 4)
WD8S_8rvR2I	20211216	4387	Matt Bassford,Clay Gentry	yes	Sunday PM Worship: "Introduction to Romans"
lpytr-QH0Oc	20211216	2998	Andrew Dvorak	no	Fall Focus Series: "The Glory of The Lord"
EQAnJMQR1WA	20211207	2968	Charlie Norman	yes	Sunday AM Bible Study: "Walking in the Light" (Week 3)
QMR4vOHki7Q	20211207	4874	Matt Bassford	yes	Sunday AM Worship: "God is Love"
uVeYKpFz4GE	20211203	3145	Josh Tolbert	yes	Fall Focus Series: "Becoming Children of Light"
zw29rpjNeTU	20211202	3951	Clay Gentry	yes	Sunday PM Worship: "Understanding God's Will"
DunhAuMDJlU	20211201	3200	Drew Norman	yes	Fall Focus Series: "You Are The Light of the World"
Ez8JSEK3KIA	20211201	2692	Charlie Norman	yes	Sunday AM Bible Study: "Walking in the Light" (Week 2)
QT2E0dUSgyk	20211201	4270	Clay Gentry	yes	Sunday AM Worship: "When God Rained on David's Parade"
4b5LRi7Wyjk	20211116	3959	Matt Bassford	yes	Sunday AM Worship: "The Godly Widow"
CfCCq3tIRc8	20211116	3628	Clay Gentry	yes	Sunday PM Worship: "Because of God's Grace"
-HmcBAavY1A	20211115	3176		no	Sunday PM Worship: Singing Night
VQQ9KduZOAg	20211115	2838	Charlie Norman	yes	Sunday AM Bible Study: "Walking in the Light" (Week 1)
xCtquFnpEwA	20211115	3488	Clay Gentry	yes	Sunday AM Worship: "No More Tears"
II1c5FsnyQs	20211114	2726	Josh Tolbert	yes	Wednesday PM Bible Study: "Leviticus (Pt.12)"
OdkADwm22kg	20211114	4526	Matt Bassford	yes	Sunday AM Worship: "Submission to Elders"
X6UJg3APiok	20211114	4075	Clay Gentry	yes	Sunday PM Worship: "Elders and Their Work"
YYJXbMgvTV0	20211114	2983	Dick Sullivan	yes	Sunday AM Bible Study: "Last Week of Jesus' Life (Pt.12)"
t_6YNaUSSRo	20211114	2747	Dick Sullivan	yes	Sunday AM Bible Study: "Last Week Of Jesus' Life (Pt.13)"
maeGzRhvra4	20211005	2751	Josh Tolbert	yes	Wed PM Bible Study: "Leviticus Pt.11)"
K2dhzfWeuQg	20211004	2999	Dick Sullivan	yes	Sunday AM Bible Study: "The Last Week of Jesus' Life (Pt. 11)"
2TQH0G58PCM	20211003	4339	Clay Gentry	yes	Sunday AM Worship: "Naaman: Cleansed through the Water"
ocyufFnZw8o	20211003	3449	Matt Bassford	yes	Sunday PM Worship: "Approaching a Christian in Sin"
CF7hKi1n5GA	20210930	4049	Clay Gentry	yes	Sunday PM Worship: "Deceived As Eve Was"
F7tgKLOqyl4	20210930	4487	Matt Bassford	yes	Sunday AM Worship: "Out of The Depths"
TXZqbfQUB7k	20210930	2907	Josh Tolbert	yes	Wednesday PM Bible Study: "Leviticus (Pt.10)"
-U4ArktpSsU	20210919	3751	Clay Gentry,Tim Garrison	no	Sunday PM Worship: Young Men's Service
DFAXQzPHP9Y	20210919	4422	Matt Bassford	yes	Sunday AM Worship: "Godly Living in an Ungodly World"
L0kC3hj8gOg	20210919	2765	Josh Tolbert	yes	Wednesday PM Bible Study: "Leviticus (Pt.9)"
zjTvqMb-VsM	20210919	2645	Bradley Dugger	no	Sunday AM Bible Study: "The Last Week of Jesus' Life (Pt.10)"
3o4-PZJX2X4	20210906	3556	Matt Bassford	no	Sunday PM Worship: "Death and Life in Jesus"
lG5Ga1no8rg	20210906	3045	Dick Sullivan	yes	Sunday AM Bible Study: "The Last Week of Jesus' Life (Pt.9)"
mAfmzRyAL8E	20210906	2756	Josh Tolbert	yes	Wednesday PM Bible Study: "Leviticus (Pt.8)"
of549FnwFRQ	20210906	4662	Clay Gentry	yes	Sunday AM Worship: "Crown of Thorns"
V8YspfCX8Vs	20210831	2961	Dick Sullivan	yes	Sunday AM Bible Study: "The Last Week of Jesus' Life (Pt.8)"
oDX6Aj9kbSc	20210831	2801	Josh Tolbert	yes	Wednesday PM Bible Study: "Leviticus (Pt.7)"
u1wEOXz5-tk	20210831	3886	Clay Gentry	no	Sunday PM Worship: "The Triumph of Christ"
J9oX6Dwog3Q	20210830	4359	Matt Bassford	yes	Sunday AM Worship: "The Rich Young Ruler and Grace"
UrA_o4PAluw	20210829	2763	Josh Tolbert	yes	Wednesday PM Bible Study: "Leviticus (Pt.6)"
bos603CRIYc	20210829	5178	Clay Gentry	yes	Sunday AM Worship: "Live A Life Of Love"
udmwclswFuw	20210829	3953	Clay Gentry	yes	Sunday PM Worship: "Priscilla and Aquila"
yj4iEcqkO5Y	20210829	2993	Dick Sullivan	yes	Sunday AM Bible Study: "The Last Week of Jesus' Life (Pt. 7)"
HIaUYoCAShU	20210827	2789	Josh Tolbert	yes	Wednesday PM Bible Study: "Leviticus (Pt.5)"
fJlrWXX8r1w	20210827	3000	Dick Sullivan	yes	Sunday AM Bible Study: "Last Week of Jesus' Life (Pt.6)"
T5r-6DVFi78	20210817	4134	Clay Gentry	no	Sunday PM Worship: "The Importance of the Resurrection"
RmIc-427TeM	20210816	3855	Matt Bassford	no	Sunday AM Worship: "The Assurance of Our Salvation"
WIvqH86VZS4	20210812	3050	Dick Sullivan	yes	Sunday AM Bible Study: "The Last Week of Jesus' Life (Pt.5)" - 8/01/21
q2IauFuMAho	20210812	5977		yes	Annual Gospel Singing - 7/30/2021
56_m4e-Gy_s	20210811	2876	Josh Tolbert	no	Wednesday PM Bible Study: "Leviticus (Pt.4)" - 7/28/21
Z5ZguuxoTJ8	20210811	4145	Matt Bassford	yes	Sunday PM Worship: Singing Night - 7/25/21
z4e8fSRxLn0	20210810	5252	Clay Gentry	yes	Sunday AM Worship: "Be Prepared" - 7/25/21
HgVfm5s023Q	20210804	3073	Josh Tolbert	yes	Wednesday PM Bible Study: "God's Definition of Holy (Pt.3)" - 7/21/21
UQ7eQJKk7Zc	20210804	2986	Dick Sullivan	yes	Sunday AM Bible Study: "The Last Week of Jesus' Life" (Pt.4)" - 7/25/21
_YoEmPrbPuI	20210804	3580	Matt Bassford	yes	Sunday PM Worship: "When Liberty Goes Too Far" - 7/18/21
WXi830k2P3o	20210731	4536	Matt Bassford	yes	Sunday AM Worship: "Winning An Argument With Jesus" - 7/18/21
YAZ5up5MKXc	20210731	2977	Dick Sullivan	yes	Sunday AM Bible Study: "The Last Week of Jesus Life (Pt.3)" - 7/18/21
LTzaWzVNGYY	20210730	3089	Matt Bassford	yes	Sunday PM Worship: "Your Body is a Temple" - 7/11/21
wvxpYP5oouU	20210730	3032	Josh Tolbert	yes	Wednesday PM Bible Study: "Leviticus (Pt.2)" - 7/14/21
67uhBMSC9NY	20210729	4171	Clay Gentry	yes	Sunday AM Worship: "Being the Light With Our Words" - 7/11/21
nI8zzqKOpq8	20210729	3004	Dick Sullivan	yes	Sunday AM Bible Class: "The Last Week of Jesus' Life (Pt.2)" - 7/11/21
JVil2KOtar4	20210728	3629	Matt Bassford	yes	Sunday PM Worship: "Factions in the Church" - 7/04/21
MtxfZIo3khM	20210728	3025	Josh Tolbert	yes	Wednesday PM Bible Study: "God's Definition of Holy: Leviticus" - 7/07/21
Vl7gqvEc1-8	20210728	2936	Dick Sullivan	no	Sunday AM Bible Study: "The Last Week of Jesus' Life" - 7/04/21
kp2cqTak7Pg	20210728	4522	Clay Gentry	yes	Sunday AM Worship: "Drop The Weight" - 7/04/21
oLbvv8Z78pE	20210722	2755	Doug Arney	yes	Wednesday PM Bible Study: "Light in Wisdom Literature (Pt.13)" - 6/30/21
xMoPVrnfX8Q	20210722	3559	Clay Gentry	yes	Sunday PM Worship: "Singing Night" - 6/27/21
NV10xadiIIE	20210721	2907	Doug Arney	yes	Wednesday PM Bible Study: "Light in Wisdom Literature (Pt.12)" - 6/23/21
homb3HXYKQA	20210721	3682	Matt Bassford	yes	Sunday PM Worship: "Addressing Spiritual Problems" - 6/20/21
kQAWWWOyOMc	20210721	3928	Matt Bassford	yes	Sunday AM Worship: "Enlightenment Through Christ" - 6/27/21
rsUQAOjOTAs	20210721	2913	Matt Bassford	yes	Sunday AM Bible Class: "Singing With Understanding (Pt.12)" - 6/27/21
AhB0gNsAJ9c	20210630	4815	Clay Gentry	yes	Sunday AM Worship: "Blessed are the Forgiven" - 6/20/21
e-TrCvh5wtY	20210630	2735	Doug Arney	no	Wednesday PM Bible Study: "Light in Wisdom Literature (Pt.11)" - 6/16/21
odxzLAhYsc4	20210630	2915	Matt Bassford	yes	Sunday AM Bible Study: "Singing With Understanding Pt.11)" - 6/20/21
WowwNMnlQ7U	20210625	3889	Clay Gentry	yes	Sunday PM Worship: "The Return of Jesus" - 6/13/21
MSmqeaSu248	20210624	4044	Matt Bassford	yes	Sunday AM Worship: "Why Membership Matters" - 6/13/21
KOnO60VyHdc	20210623	2656	Doug Arney	yes	Wednesday PM Bible Study: "Light in Wisdom Literature (Pt.10)" - 6/09/21
t05MgszNz2g	20210623	2936	Matt Bassford	yes	Sunday AM Bible Study: "Singing With Understanding (Pt.10)" - 6/13/21
BRpjN7JFBwU	20210621	2920	Matt Bassford	yes	Sunday AM Bible Study: "Singing With Understanding (Pt.9)" - 6/06/21
HSkB_QFWwSk	20210621	3989	Clay Gentry	yes	Sunday AM Worship: "Don't Hide Behind Your Prayers" - 6/06/21
nPh2nlqhYWg	20210621	3225	Matt Bassford	yes	Sunday PM Worship: "Doing Even More" - 6/06/21
uITj9CYZDdI	20210607	2757	Doug Arney	yes	Wednesday PM Bible Study: "Light in Wisdom Literature (Pt.9)" - 5/02/21
w2qRSemI_PQ	20210604	3704	Seth McDonald	yes	Sunday PM Worship: Young Men's Night - 5/30/21
iCQx7ltlPA4	20210602	4592	Matt Bassford	yes	Sunday AM Worship: "The Path of the Righteous" - 5/30/21
LkK1jmME0QQ	20210601	2970	Matt Bassford	yes	Sunday AM Bible Class: "Singing With Understanding (Pt.8)" - 5/30/21
mVi4UgdpSdA	20210527	3006	Matt Bassford	yes	Wednesday PM Bible Study: "Light in Wisdom Literature (Pt.8)" - 5/26/21
3V_uQJl974g	20210524	3781	Matt Bassford	yes	Sunday PM Worship: "Going Outside the Camp" - 5/23/21
8xPocyxhcXY	20210524	4929	Clay Gentry	yes	Sunday AM Worship: "Righteousness Shining" - 5/23/21
eRbqOdTgVTY	20210524	2830	Matt Bassford	yes	Sunday AM Bible Study: "Singing With Understanding (Pt.7)" - 5/23/21
DFSkqgzkPLk	20210521	4074	Matt Bassford	yes	Sunday AM Worship: "The Lord Is My Light" - 5/16/21
M-VzoPmyb5U	20210521	3480	Clay Gentry	no	Sunday PM Worship: "Let Us..." - 5/16/21
PcpJBe-OZqQ	20210521	2965	Doug Arney	no	Wednesday PM Bible Study: "Light in Wisdom Literature (Pt.7)" - 5/19/21
jMH-MMNWCm8	20210521	2961	Matt Bassford	no	Sunday AM Bible Study: "Singing With Understanding (Pt.6)" - 5/16/21
wJERCATIu24	20210521	2878	Doug Arney	yes	Wednesday PM Bible Study: "Light in Wisdom Literature (Pt.6)" - 5/12/21
1C72Yy135MA	20210512	2817	Josh Tolbert	yes	Sunday AM Bible Study: "Does The Origin of a Hymn Matter?" -  5/09/21
Hr0CHwxsuX8	20210512	3142	Doug Arney	yes	Wednesday PM Bible Study: "Light in Wisdom Literature (Pt.5)" - 5/05/21
qW1l_fRVBWQ	20210512	3879	Clay Gentry	yes	Sunday AM Worship: “They Were First Called Disciples”- 5/09/21
xHK0ykSKt6s	20210512	3474	Clay Gentry	yes	Sunday PM Worship: “A High Priest Like Melchizedek” - 5/09/21
QRWiKl18i-M	20210504	2951	Matt Bassford	no	Sunday AM Bible Study: "Singing With Understanding (Pt.4)" - 5/02/21
gM_mj_YZSHU	20210504	3255	Clay Gentry	yes	Sunday PM Worship: "Baby Or Babe Like?" - 5/02/21
oILPYeKLkhQ	20210504	2935	Doug Arney	yes	Wednesday PM Bible Study: "Light in Wisdom Literature (Pt.4)" - 04/28/21
wMjVNpvG_P0	20210504	4602	Matt Bassford	yes	Sunday AM Worship: "Authentic Worship" - 5/02/21
jsmeztQhryQ	20210430	4324	Clay Gentry	yes	Sunday PM Worship: Singing Night - 4/25/21
8_lYr15O9ss	20210429	5362	Clay Gentry	yes	Sunday AM Worship: "Songs At Midnight" - 4/25/21
jQ94aWFjt_c	20210428	2781	Josh Tolbert	yes	Sunday AM Bible Study: "Singing With Understanding (Pt 3.)" - 4/25/21
ou742FtQjAU	20210428	2816	Doug Arney	yes	Wednesday PM Bible Study: "Light in Wisdom Literature (Pt. 3)" - 04/21/21
8oe_sOGG6qY	20210420	4297	Matt Bassford	yes	Sunday AM Worship: "Why is the Lamb Worthy" - 04/18/21
LRntCuH2FG4	20210420	3755	Clay Gentry	yes	Sunday PM Worship: "Silas, A Faithful Brother" - 4/18/21
SYk8JaKdNg8	20210420	3000	Matt Bassford	yes	Sunday AM Bible Class: "Singing With Understand Pt.2" - 4/18/21
kYG2ElG-PWY	20210420	2839	Doug Arney	no	Wednesday PM Bible Study: "Light in Wisdom Literature Pt. 2" - 04/14/21
NNh7BR8fj-c	20210414	3325	Clay Gentry	no	Sunday PM Worship: “Boasting in the Cross of Christ” - 4/11/21
4v3VS0GIFnE	20210413	4405	Matt Bassford	yes	Sunday AM Worship: “Perseverance” - 4/11/21
gUmQDock_MM	20210412	4203	Matt Bassford	yes	Bible Class - Singing with Understanding
nd6bkhq7dg8	20210409	2791	Doug Arney	yes	Wednesday PM Bible Study: "Light in the Wisdom Literature" - 4/7/21
Ow1LyKzgBIE	20210408	3437	Matt Bassford	yes	Sunday PM Worship: "The Meaning of “One in Christ”" - 4/4/21
wTHMglKpl-g	20210408	5055	Clay Gentry	no	Sunday AM Worship: "Do Not Be Afraid, He Is Risen" - 4/4/21
aPljkvEhSwI	20210403	3581	Matt Bassford,Clay Gentry	yes	The Matt and Clay Show: "Q&A" - 3/31/21
GQLGWsShyXg	20210330	3600	Ben Prasser,Matt Bassford,Mike Young	yes	Sunday PM Worship: Singing Night - 3/28/21
KM9IA9sanwI	20210329	4793	Matt Bassford	yes	Sunday AM Worship: "Communication: Be The Light in Your Marriage" - 3/28/21
mGXPxEeK968	20210328	3234	Matt Bassford,Clay Gentry	yes	The Matt and Clay Show: "Ruth (Pt. 3)" - 3/24/21
StS_FeK75zg	20210323	4793	Clay Gentry	yes	Sunday AM Worship: "Intimacy: Be The Light in Your Marriage" - 3/21/21
o9mNIsKs_HI	20210323	3923	Matt Bassford	yes	Sunday PM Worship: “Where The Judaizers Went Wrong" - 3/21/21
TrxXtCOBRYE	20210320	3227	Matt Bassford,Clay Gentry	yes	The Matt and Clay Show: "Ruth (Pt. 2)" - 3/17/21
IYMpvNGg9eA	20210319	3776	Clay Gentry	yes	Sunday PM Worship: "The End is at Hand" - 3/14/21
zLNXUi6uAsE	20210319	4671	Matt Bassford	yes	Sunday AM Worship: "Submission: Be The Light in Your Marriage" - 3/14/21
DQktp4DX0yw	20210312	3657	Matt Bassford	yes	Sunday PM Worship: "Elders in Every Church" - 3/07/21
Lg8iFvsIfmo	20210312	2279	Matt Bassford,Clay Gentry	yes	The Matt and Clay Show: "Ruth" - 3/10/21
iZj2oT95hiw	20210312	4903	Clay Gentry	yes	Sunday AM Worship: "Respect: Be the Light in Your Marriage" - 3/07/21
q5NrZphHzvM	20210305	3023	Matt Bassford,Clay Gentry	yes	The Matt and Clay Show: "Song of Solomon (Pt.3)" - 3/03/21
2aqgNg951OY	20210303	3506	Ben Prasser,Isaac Gentry,Tim Garrison	yes	Sunday PM Worship: Singing Night - 2/28/21
HUfRNglTxmY	20210303	4999	Matt Bassford	yes	Sunday AM Worship: "Jeremiah 29:11" - 2/28/21
up_d2UKfVYI	20210302	2895	Matt Bassford,Clay Gentry	yes	The Matt and Clay Show: "Song of Songs (Pt. 2) - 2/24/21
QAL_UBniofA	20210224	4342	Clay Gentry	yes	Sunday PM Worship: "God's Treasury of Snow" - 2/20/21
e3gAEJV4Vnw	20210218	2967	Matt Bassford,Clay Gentry	yes	The Matt and Clay Show: "Song of Songs (Pt. 1)" - 2/10/21
Llm6-Gd7mhs	20210208	3895	Clay Gentry	no	Sunday PM Worship: "Simon the Sorcerer" - 2/07/21
wqDuqaJpGFE	20210208	4640	Matt Bassford	yes	Sunday AM Worship: "Guided To Christ" - 2/07/21
5fu8g9Y3drg	20210202	2562	Matt Bassford	yes	Sunday PM Worship: Young Men's Service - 01/31/21
GXgngP9weHs	20210202	4573	Clay Gentry	yes	Sunday AM Worship: "Let There Be Light: Light Separated From Darkness" - 1/31/21
5OgsGZ_ZYR8	20210201	3175	Matt Bassford,Clay Gentry	yes	The Matt and Clay Show: "Esther (part 4)" - 1/27/21
8cyRQvJp0h4	20210127	3916	Clay Gentry	yes	Sunday PM Worship: "Quick to Listen, Slow to Speak, Slow to Anger" - 1/24/20
iPsuqFAhInc	20210127	4580	Matt Bassford	yes	Sunday AM Worship: "Let There Be Light: Wisdom Over Folly" - 1/24/20
uX1Bdpl_cHE	20210122	3349	Matt Bassford,Clay Gentry	yes	The Matt and Clay Show: "Esther (Part 3)" - 1/20/21
8ZEOlU0fZzM	20210120	4107	Clay Gentry	yes	Sunday AM Worship: "Let There Be Light: Order Out Of Chaos" - 1/17/21
iUNcvfzyWbA	20210120	3203	Matt Bassford	yes	Sunday PM Worship: "Obeying God Rather Than Men" - 1/17/21
_JWqfzFDjaM	20210115	3145	Matt Bassford,Clay Gentry	yes	Wednesday PM Bible Study: "Esther (Part 2)" - 1/13/21
VJjO4r0b_Pw	20210114	3516	Clay Gentry	yes	Sunday PM Worship: "The Priority of Prayer" - 1/10/21
GLzGjIdb4Vg	20210113	3853	Matt Bassford	yes	Sunday AM Worship: "Being a Light in a Dark Place" - 1/10/21
DN2MgDE7wes	20210111	3808	Charlie Norman	yes	Sunday AM Worship: "Elder's Vision for 2021" - 1/3/21
G_rQW3UqI8A	20210111	3131	Clay Gentry	yes	Sunday PM Worship: "The Mission" - 1/3/21
K8hJC_x4bG8	20210111	2955	Matt Bassford,Clay Gentry	yes	Wednesday PM Bible Study w/ Q&A: "Esther" - 1/6/21
TLnMtobsJjk	20210111	2685	Matt Bassford,Clay Gentry	yes	The Matt and Clay Show: "Overcoming the World" - 12/16/20
55imp3JB5mw	20210110	4835	Clay Gentry	yes	Sunday AM Worship: "Confessing Christ - Joseph Of Arimathea" - 12/13/20
9BpKZxOB3iw	20210110	2187	Matt Bassford,Clay Gentry	yes	The Matt and Clay Show: "Overcoming Evil With Good" - 12/2/20
B3sVIE5K_Xk	20210110	1158	Clay Gentry	yes	Sunday PM Worship: "Living the Golden Rule" - 12/20/20
CTG_dNAGAUY	20210110	4020	Matt Bassford	yes	Sunday AM Worship: "The Problem with Gambling" - 12/6/20
DNBhUKZ3nlQ	20210110	4696	Clay Gentry	yes	Sunday AM Worship: "Pray For One Another" - 11/29/20
JP5cUaxm_tM	20210110	2878	Matt Bassford	yes	Sunday AM Bible Study: "Isaiah (Pt 4)" - 12/13/20
JPoBpw3wcws	20210110	2875	Matt Bassford	yes	Sunday AM Bible Study: "Isaiah (Pt 3)" - 12/6/20
KhX3eiKsrSM	20210110	3117	Matt Bassford,Josh Tolbert	yes	The Matt and Clay Show: "Overcoming the Temptation of Prosperity" - 11/25/20
RvfKcM8MgVI	20210110	3395		yes	Sunday PM Worship: "Jesus, Light of the World" - 11/15/20
Y8e7_8tWdAw	20210110	3213	Clay Gentry	yes	Sunday PM Worship: "God's Menu" - 12/6/20
jOQ6nsItPTA	20210110	2902	Matt Bassford,Clay Gentry	yes	The Matt and Clay Show: "Overcoming Depression" - 12/9/20
jmnzR-v6xxk	20210110	2980	Matt Bassford	no	Sunday AM Bible Study: "Isaiah (Pt 2)" - 11/29/20
o22SKI0SSdw	20210110	3992	Matt Bassford	yes	Sunday AM Worship: "The Purpose of the Christian" - 11/22/20
oj9NlyGKtAA	20210110	3379	Clay Gentry	yes	Sunday PM Worship: "Will Many or Few Be Saved?" - 11/22/20
owSsb6rOO4I	20210110	3395	Matt Bassford	yes	Sunday PM Worship: "Paul and Covetousness" - 12/13/20
sRy9JHGgzk4	20210110	3261		yes	Sunday PM Worship: "Young Men's Service" - 11/29/20
ziGHxw08u0A	20210110	2986		yes	The Matt and Clay Show: "Overcoming Division" - 11/18/20
8NMVxpd4NeU	20210109	2979		yes	Sunday AM Bible Study - 11/15/20
j1a8qmSSIzc	20210109	4700	Clay Gentry	yes	Sunday AM Worship: "A God of Joy" - 11/15/20
k0Fjg8MeTzc	20210109	2999	Matt Bassford	yes	Sunday AM Bible Study: "Isaiah (Pt 1)" - 11/22/20
-jMyS7n8Kv4	20201109	3691	Matt Bassford	no	Sunday Bible Class - The Messiah in Isaiah
3mBCZ2mk6VA	20201109	4777	Matt Bassford	yes	Sunday Morning Worship  - The Holiness Of The Christian
I_Q3Ji8oEiY	20201109	5401	Clay Gentry	no	Sunday Evening Worship - Paul's Collection
JNOfFpVS3c0	20201105	4281		no	Wednesday - Matt and Clay Show 11042020
vjyBZNut6Ig	20201102	4441	Matt Bassford	yes	Sunday Evening Worship - The Hope of the Christian - 110120
vjyBZNut6Ig	20201101	4441	Matt Bassford	yes	Sunday Evening Worship - The Hope of the Christian - 110120
0_4RohdEFUc	20201029	3551		no	Wednesday Matt and Clay Show - 102820
gdl9conUE_s	20201022	3359		no	Wednesday - Matt and Clay Show
GAxkY0SXRTM	20201021	71		no	Wednesday - Matt and Clay Show
H_zJxy_KFeU	20201019	5177		no	Solve Our Problems, But Save Our Pigs
m-KM408a_P0	20201019	4503		no	Sunday Evening Worship - The Rule of Fear -
WeFg9kU8pfI	20201015	3583		no	Wednesday Night Bible Class - Overcoming -  Lesson 1
-nHi-uJs87E	20201012	3075		no	Reframing Evangelism
WypoKBz2RkU	20201011	4606		no	Sunday Evening Worship
0IcaRGxuYFY	20201005	3605	Matt Bassford	yes	Sunday Evening Worship - They Wrote What They Saw
IcLs6PCEowc	20201005	3885	Clay Gentry	no	Sunday Morning Bible Class - Teach Us To Number Our Days -2
iHobbGoo5g0	20201005	2305	Matt Bassford	yes	Sunday Morning Bible Class - Isaiah - Lesson 1 -2
9fio508Q1zs	20201001	3525	Josh Tolbert	yes	Wednesday Evening Bible Class - Jesus In The Minor Prophets - Lesson 13
e2RWNOo7BNg	20200927	35		no	09272020 Monthly Singing
gin-0RP_RKA	20200927	116		no	09272020 Monthly Singing
m2uXr0qU1gU	20200927	584		no	09272020 Monthly Singing
Gnjom4wwk-0	20200924	3263	Josh Tolbert	no	Jesus In The Minor Prophets - Lesson 12 -2
_hM4c1_LKV8	20200923	386	Josh Tolbert	no	Jesus In The Minor Prophets - Lesson 12 -2
b7fZ77Eq0u4	20200921	4090	Matt Bassford	yes	Sunday Morning Worship - The Faithful Rechabites
pRwjFhKNDnA	20200921	3910	Clay Gentry	no	When We Measure Ourselves Against Others...
jAXWAyQZHtM	20200917	3270	Josh Tolbert	yes	Wednesday Night Bible Class - Jesus In The Minor Prophets - Lesson 11 - 091620
87yQmubs-Vo	20200914	3765	Clay Gentry	no	Sunday Evening Worship - Abagail: A Woman of Wisdom
qSMnEAvoOIk	20200914	4505	Matt Bassford	yes	Sunday Morning Worship - Loving Your Political Enemies
FpLLkG-EdJs	20200910	3255	Matt Bassford	no	Sunday Evening Worship - Was Jesus Just A Good Teacher? - 090620
AJLckVUXEvQ	20200903	25	Josh Tolbert	no	Wednesday Night Bible Class - Jesus In The Minor Prophets - Lesson 09 - 02Sep20
w1lkTsO4gXA	20200903	2970	Josh Tolbert	yes	Wednesday Night Bible Class - Jesus In The Minor Prophets - Lesson 09 - 02Sep20 -2-
BGNsatwFCwY	20200831	4545	Matt Bassford	yes	Sunday Morning Worship - The Dangers Of Self- Deception - 083020
G1yw0X3F39o	20200831	4865	Clay Gentry	no	Sunday Evening Worship - The Ink Stink: Tattoos and the Church  - 083020
9vzmH8Y31m0	20200824	5091	Clay Gentry	no	Sunday Morning Worship - Zacchaeus: The Wee Little Man  - 082320
CNRxL9zoIYg	20200824	3050	Matt Bassford	yes	Sunday Evening Worship - The Time Of The Resurrection  - 082320
hGITIcnwqkw	20200824	3067	Clay Gentry	no	Sunday Morning Bible Study - A Study Of Luke - 082320
8oflNOiIILI	20200820	2998	Josh Tolbert	yes	Wednesday Night Bible Study - Jesus In The Minor Prophets - Lesson 7
1NB2JtQMeCI	20200817	3283	Clay Gentry	no	Sunday AM - Jesus and Prayer - 08162020
ne2KfM99tWM	20200817	4806	Matt Bassford	yes	Sunday AM - Worship Service - Tireless in Doing Good - 08162020
4C9AevzZuGY	20200816	465	Josh Tolbert	no	Sunday AM - Bible Class - 08162020
b3x37iKxDOU	20200813	3085	Josh Tolbert	yes	Wednesday Evening BIble Class - Jesus In The Minor Prophets - Lesson 06 - 12Aug20
2mgQjTwmUEQ	20200810	3255	Matt Bassford	yes	Sunday Evening Worship - Living God's Word  - 080920
5KFO193Zv1g	20200810	4295	Clay Gentry	no	Sunday Morning Worship - Appointing A New Elder - 080920
J6cxW5xhRC8	20200810	2905	Clay Gentry	no	Sunday Morning Bible Class - A Study Of Luke - Lesson 05 - 080920
5uGV7ThFtyI	20200806	20	Clay Gentry	no	Sunday Evening Worship  - Samson: You're Not Too Strong To Fall  -  02Aug20
LVfcEGOCKpY	20200806	2954	Josh Tolbert	yes	Wednesday Evening BIble Class - Jesus In The Minor Prophets -  05Aug20
JvIx9MTGhdM	20200803	4225	Matt Bassford	yes	Sunday Morning Worship  - Blessings From COVID -  02Aug20
_L1VhGt1QgU	20200803	3585	Clay Gentry	no	Sunday Evening Worship  - Samson: You're Not Too Strong To Fall  -  02Aug20
gtm8bgSkPE0	20200802	170	Matt Bassford	no	Sunday Morning Worship  - Blessings From COVID -  02Aug20
2jG86H0dpI4	20200727	5754	Clay Gentry	no	Sunday AM Bible Worship - Dealing with Anxiety - 07262020
q2SBu6vHNJM	20200727	3013	Clay Gentry	no	Sunday AM Bible Class - Geneology  - 07262020
7IULNLWWDjI	20200716	3010	Josh Tolbert	yes	Wednesday Night Bible Class - Jesus In The Minor Prophets - Lesson 2 - 071520
0Mkv6Enn9bI	20200713	2745	Matt Bassford	yes	Sunday Evening Worship - Sound Teaching - 071220
5xgQ97URIGA	20200713	3000	Clay Gentry	no	Sunday Morning Worship -  - 071220
ACW57TlePt0	20200713	2315	Clay Gentry	no	Sunday Morning Worship - Flee... Pursue.... - 071220
XWSYlVtjhRk	20200712	1085	Clay Gentry	no	Sunday Morning Worship - Flee... Pursue.... - 071220 - Storm Reset
5xqaGWyOuj0	20200706	3255	Matt Bassford	yes	Sunday Evening Worship - The Law And The Christian  - 05Jul20
cS-ufbqRvVc	20200706	3015	Matt Bassford	no	Sunday Morning Bible Class - A Study Of Luke  - 05Jul20
ppAALmcDBTg	20200706	4625	Matt Bassford	yes	Sunday Morning Worship - When Relationships Get Hard  - 05Jul20
c64Wa9Sb5EU	20200701	3975		no	Tuesday Evening Worship - VBS - What Is Man?  - 30Jun20
Etx2ULVwVow	20200630	3890		no	Monday Evening Worship - VBS - Who Is God  - 29Jun20
aSQe5XCrJLU	20200629	3463		no	Sunday Morning Worship - VBS - Faith and Evidence - 28Jun20
i_Mfk63XCXk	20200629	3705		no	Sunday Evening Worship - VBS -The Story No One Would Have Invented  - 28Jun20
kbR7JAEbxv0	20200629	4800		no	Sunday Morning Worship - VBS - Resurrection - 28Jun20
O7_353qxOLI	20200628	158		no	Sunday Morning Worship - VBS - Resurrection - 28Jun20
1q0fuF3qLE0	20200601	4327	Clay Gentry	no	Sunday Morning Worship  - A Shattered Conscience  - 31 May 2020
3yjva8CWws4	20200524	3567	Matt Bassford	yes	Sunday Morning Worship  - Love, the Greatest Commandment  - 25 May 20
Gv0KWPjdeTE	20200517	3727	Clay Gentry	no	Sunday Morning Worship  - Mercy / Sacrifice  - 17May2020
2XkofoCnX88	20200510	3891	Clay Gentry	no	Sunday Morning Worship  - Rahab - A Woman of Great Faith - 10May2020
MB7RYrBJQCM	20200419	3675	Clay Gentry	no	Sunday Morning Worship  - After The Crisis -19APR20
B_E9a1Jov7Y	20200412	2565	Matt Bassford	yes	Sunday Morning Worship  - The Pattern of Resurrection
4N5j2X9T1q8	20200405	4371	Clay Gentry	no	Sunday Morning Worship  - Inheriting Eternal Life
vQHhFkyjhuY	20200329	3500	Clay Gentry	no	Sunday Morning Worship  - Jesus' Healing Touch
eL83VXiksIM	20200322	4381	Matt Bassford	yes	Sunday Morning Worship  -  God, Our Stronghold
ipNwNSf1_C4	20200315	3705	Clay Gentry	no	Sunday Evening Worship  -  Fighting the Battle with Prayer
nJnHKzjkjPE	20200315	1895	Matt Bassford	yes	Sunday Morning Worship  -  Coronavirus and Psalm 90
7PNqmnPL9-U	20200312	2586	Lee Nicholson	no	Wednesday Evening Bible Study    -  Walking and Living for Jesus
chlkuNX6arE	20200308	3286	Matt Bassford	yes	Sunday Evening Worship   -  Managing Toxic Relationships
n3qZqhY35xw	20200308	4466	Clay Gentry	no	Sunday Morning Worship   -  When Nature Rages
nGZBNehiwSk	20200308	2832	Bradley Dugger	no	Sunday Morning  Bible Class   -  Tell Me The Story Of Jesus
A5FvJ6dsw1o	20200302	3190	Clay Gentry	no	Sunday Evening  Worship  -  The #1 Reason Not To Sin
HIK3hNEBZsY	20200301	3913	Matt Bassford	yes	Sunday Morning Worship  -  Sex, Identity, and Scripture
xpmGMF4-OhA	20200301	2646	Bradley Dugger	no	Sunday Morning Worship  -
1-uE9hUdhxk	20200224	4046		no	Sunday Evening  Worship -Singing
ARvtHm8pZ20	20200223	2641		no	Sunday Morning  Worship - Journeys Away From Faith
QP-6Uqob704	20200223	2799	Bradley Dugger	no	Sunday Morning  Bible Class - Tell me the Story Of Jesus  - Lesson 9
_AxxImbpWyk	20200220	489	Lee Nicholson	no	Wednesday Evening Bible Class - Walking And Living For Jesus - Lesson 8
GUl-h4_2uTE	20200217	3089	Matt Bassford	no	Sunday Evening Worship - The Parables of the Wineskins
LXSzoeks710	20200216	5008	Clay Gentry	no	Sunday Morning Worship - Overcoming Serpents
0iSKH0qyfzM	20200210	3472	Clay Gentry	no	Sunday Evening Worship - The Flood: Judgment and Salvation
JsaQ-fyc4yo	20200209	2880	Matt Bassford	no	Sunday Morning Bible Class - Tell Me The Story Of Jesus -  Lesson 7
wcmF5Sp1EVw	20200209	4309	Matt Bassford	yes	Sunday Morning Worship - Voting and The Christian
3QFgeMSeNUw	20200206	3127	Lee Nicholson	no	Wednesday Evening  Worship - Walking and Living For Jesus
M5EpXNf3pgI	20200203	3612	Matt Bassford	yes	Sunday Evening  Worship - Raised In The Church
OEc8K06Beug	20200202	5409	Clay Gentry	no	Sunday Morning Worship - Woman
hfgqC5N8e3E	20200127	4213		no	Sunday Evening Worship - Singing
mVhr9PBciJo	20200126	2987	Bradley Dugger	no	Sunday Morning Bible Class - Tell Me The Story Of Jesus - Lesson #5
VEwctPeJNLo	20200123	2848	Lee Nicholson	no	Wednesday Night Bible Class - Walking and Living for Jesus - Lesson #4
dqeKlcV9MQo	20200120	3141	Matt Bassford	yes	Sunday Evening  Worship - During Withdrawal
KCzln1SaU-o	20200119	2871	Charlie Norman	no	Sunday Morning Bible Class - Tell Me The Story of Jesus - Lesson 4
hchNFpIPet4	20200119	4768	Clay Gentry	no	Sunday Morning Worship - Remove The Stone See The Glory
CbTSMdnZO_c	20200112	4278	Lee Nicholson	no	Wednesday Evening Bible Class - Walking and Living For Jesus - Lesson 2
42H5uBZPfRA	20200105	2178		no	Elders Vision for 2020 - Theme: Living for Jesus
yDwTPngZUyo	20200105	5195		no	Sunday Morning Bible Class - Tell Me the Story of Jesus
1msLIso3jAo	20200102	3156	Lee Nicholson	no	Wednesday Night Worship - Walking and Living for Jesus
P-v-q_KwMw8	20191229	2720	Charlie Norman	no	Sunday Morning Bible Class - Tell Me The Story of Jesus - Lesson 1
ii4fpKPtBcM	20191229	3805	Matt Bassford	yes	Sunday Morning Woship - Instruments of Music in Worship
8H1FlsSR25M	20191222	4428	Matt Bassford	yes	Sunday Morning Worship - That Jesus
Bd2Qb7_ArfY	20191222	2988	Matt Bassford	yes	Sunday Morning Bible Class - 2nd Corinthians
J1IcQxp_h9o	20191219	2266		no	Fall Focus Series 2019 - Paul and the Sermon on Mars Hill -
5WLygnSeVVI	20191216	3431	Matt Bassford	yes	Stepping Up in Discipleship
2z7jHxX0fp4	20191215	5020	Clay Gentry	no	Sexuality and Singleness
qSyqb5LFSdE	20191212	3091	Ben Prasser	no	Fall Focus Series - David and Goliath
3qvWy7LeR8M	20191209	3786	Clay Gentry	no	Sunday Evening Worship - 6 Truths About Hitting Rock Bottom
mHJhhEIit3U	20191208	2830	Matt Bassford	yes	Sunday Morning Bible Class - 2nd Corinthians - Lesson 11
FiRDXbJHZ2U	20191205	3456	Tim Garrison	no	Fall Focus Series 2019 - Daniel - Stepping Up Over A Lifetime
BmocHS9gplI	20191202	2831	Matt Bassford	yes	Sunday Evening Worship - Saving Faith
ks19VWCrXBM	20191201	2896	Matt Bassford	yes	Sunday Morning BIble Class - 2nd Corinthians Lesson 10
V8427BU6XmM	20191128	2883	Blaine Hyle	no	Fall Focus Series - The Samaritan Woman - Stepping Up To Tell Others
EcF8QfJNnUs	20191124	4054	Matt Bassford	yes	Sunday Morning Worship - Women Leading in The Church
NAh7xb1ZbNs	20191124	2937	Matt Bassford	yes	Sunday Morning Bible Class - 2 Corinthians  Lesson 9
nMEzUSFVmZ0	20191118	24164	Clay Gentry	no	Sunday Morning Worship - Sexuality after the Fall -
aYIphsrpaVU	20191117	1347		yes	Stepping Up In Service   Matt Bassford   111719
D4Ld3mHXiaM	20191114	2671	Mike Young	no	Fall Focus Series 2019 - Peter and The First Gospel Sermon
D4owuoOCpog	20191111	3546	Clay Gentry	no	Sunday Evening Worship - Heaven Or Hell, It's Your Choice
GV5QNHzyUpc	20191110	2808	Matt Bassford	yes	Sunday Morning Bible Class - 2nd Corinthians Lesson 7
M4ksDVZzyTk	20191110	4031	Matt Bassford	yes	Sunday Morning Worship - Abortion: A Biblical Perspective
GFmUhu6hgwk	20191107	3406		no	Fall focus Series 2019 - The Good Samaritan - Stepping Up To Do Good Works
_8NyeWTxn-0	20191104	1495		no	Saved By Grace   Matt Bassford   110319
CbV2HkGZ78k	20191103	700	Clay Gentry	no	Sunday Morning Worship - Sexuality from the Beginning
YNWgMS7v4Uo	20191103	228	Matt Bassford	no	Sunday Morning Bible Class - 2nd Corinthians - Lesson 6
hzgFELVf4aE	20191103	30	Matt Bassford	no	Sunday Evening  Worship - Saved By Grace
iRGCqs7rB9k	20191103	1964		yes	Sexuality from the Beginning   Clay Gentry   110319
xHzUzLtVZxM	20191103	55	Clay Gentry	no	Sunday Morning Worship - Sexuality from the Beginning
EO55Bg0yaLI	20191031	3132		no	Fall Focus Series 2019 - Samuel and The Philistines
119tZAeEdlQ	20191028	3911		no	Sunday Evening Worship - Singing
BkCAI4_ZUkc	20191027	539	Matt Bassford	no	Sunday Morning Worship - Unintended Consequences
j18YRJwAor0	20191027	2378	Matt Bassford	yes	Sunday Morning Bible Class - 2 Corinthians
Ii8_3ruOPlc	20191024	3034		no	Fall Focus Series 2019 - Aquila and Priscilla - Stepping Up As A Couple
IIb0_4Yw6do	20191020	4250	Clay Gentry	no	Sunday Morning Worship -  How Do You Identify
VRi5oAt6ac0	20191020	2186	Matt Bassford	yes	Sunday Morning Bible Class - 2nd Corinthians Lesson 4
AbIqlSPtM0o	20191013	2970	Matt Bassford	yes	Sunday Morning Bible Class - 2nd Corinthians Lesson 3
DqXu4SVYCqQ	20191013	4382	Matt Bassford	yes	Sunday Morning Worship - When Words Become Gossip
5cF_3e8dJwQ	20191006	2861	Matt Bassford	yes	Sunday Morning Bible Class 2 Corinthians Lesson 1
dOayannHCI0	20191006	4472	Clay Gentry	no	Sunday Morning Worship - "In The Beginning God..."
wdkSgjtH24k	20191006	2919	Matt Bassford	yes	Sunday Evening Worship -  Zion, The Mountain of God
IAoGpyAxGBo	20191003	3361	Josh Tolbert	yes	Fall Focus Series 2019 - Elijah and the Prophets of Baal
B4DlKaLU8LY	20190929	254	Clay Gentry	no	Wednesday Night Bible Class
iLNFgMK6zIY	20190926	2933	Clay Gentry	no	Wednesday Night Bible Class
1WnCkdV--9w	20190922	4762	Clay Gentry	no	Sunday Morning Worship - Listening to Parents of Prodigals
7g2CdiWmRrI	20190922	2900		no	Sunday Morning Bible Class
WPbFupIcks4	20190922	3286	Clay Gentry	no	Sunday Evening Worship - Loyal to God: Examples from the Life of Joseph
2xZwtz8yU2Q	20190915	3229	Clay Gentry	no	Sunday Evening Worship - Living Among the Enemy
nDPvobfBdZo	20190915	3787	Clay Gentry	no	Sunday Morning Worship - "Nevertheless" A Word Every Christian Should Know
NtzYDqIZEMM	20190912	3023		no	Wednesday Evening Bible Class
B1HMX9izTA4	20190908	2966		no	Sunday Morning Bible Class
vJ9rEiKAWlk	20190908	5199		no	Sunday Afternoon Worship - Looking For Something More?
XoVTfhS3LEA	20190905	2942		no	Wednesday Night Bible Class
JhbutqTmKEo	20190901	1733		no	Sunday Evening Worship - Ananias and Sapphira
nB0fWwnnEMg	20190617	4004		no	The 5 Sacrifices of the Law of Moses - Sunday Evening Worship
in8GEZ6YlPk	20190609	3016		no	The Church That Jesus Built - Sunday Morning Bible Class
ExacRy5HXPU	20190606	2852		no	Learning How To Teach From Jesus - Wednesday Night Bible Class
-qm6JRi8Up0	20190602	2545		no	Miraculous Spiritual Gifts - Sunday Evening Worship
3Kg9g-zdJx0	20190602	2961		no	The Church That Jesus Built - Sunday Morning Bible Class
80qEkz5seLA	20190526	3974		no	Sexual Morality - Sunday Morning Worship
Jfggk1poofE	20190526	3267		no	Singing - Sunday Evening Worship
eFbJHb2lDvQ	20190526	2916		no	The Church That Jesus Built - Sunday Morning Bible Class
_IYIgtJbSZ4	20190519	3034		no	Getting Serious About Turning From Sin -  Sunday Evening Worship
iActlM3YgEY	20190519	4768		no	What I Will Always Remember About This Church - Shawn Jeffries - Sunday Morning Worship
BpuMnouwffg	20190516	2987		no	Learning How To Teach From Jesus  - Wednesday Evening Bible Class
e_AekH8mcrE	20190512	2991		no	The Church That Jesus Built - Sunday Morning Bible Class
n94MQ5vZ0G0	20190512	2115		no	Choosing A Church - Sunday Evening Worship
hnD43kcN10I	20190509	2866		no	Learning How to Teach From Jesus   - Wednesday Night Bible Class
1pV64D99nSk	20190505	4190		no	God's Answers to the Most Important Questions  - Sunday Morning Worship
Ahx0ZoUe34M	20190505	2650		no	Why Care About The Pattern  - Sunday Evening  Worship
2_vBFdrdVac	20190425	3084		no	Learning How to Teach from Jesus - Wednesday Evening  Worship
-daCKrtideE	20190421	2958		no	The Church That Jesus Built - Sunday Morning Bible Class
nWIt0zR8j1w	20190421	4232		no	Why Should I Believe - Sunday Morning Worship
eH6mXXMJpxE	20190414	4236		no	What Repentance Takes  - Sunday Morning Worship
CIWrzbylsh4	20190411	2940		no	Learning How to Teach From Jesus - Wednesday Night Bible Class
1TODstb5mMc	20190407	4522		no	The New Self - Sunday Morning Worship
H4-mC_5xiRE	20190407	2930		no	Lesson 2 - The Church That Jesus Built - Sunday Morning Bible Class
fzKggAs99Uc	20190404	2890		no	Lesson 1 - Learning How to Teach from Jesus - Wednesday Night Bible Class
ErnpCEfYwVg	20190331	3356	Matt Bassford	yes	Knowing Jesus - Sunday Morning Worship
bJl8zc22Dy8	20190331	2176		no	Young Men's Service - Sunday Evening Worship
RQZQ2HF2fl0	20190328	2594		no	Lesson 13 - Stepping Up As Individuals Wednesday Night Bible Class
DIghHbQ3RQU	20190324	2852		no	Lesson 13 - Stepping Up With Evangelism  - Sunday Morning Bible Class
WN9LdQUGB3Q	20190317	941	Matt Bassford	yes	Who is God?  - Sunday  Evening Worship
F56DLwiPnk0	20190310	2899		no	Lesson 11 - Stepping Up With Evangelism - Sunday Morning Bible Class
bNRIadgSMjE	20190310	1086		no	A Man After God's On Heart  - Sunday Evening Worship
wPhOohKEkFw	20190310	4002		no	Understanding God's Word - Sunday Morning Worship
dyGUD-FRB-c	20190304	4142		no	A God For All  - Sunday Evening Worship -
4UrwgxmjIqI	20190303	3085		no	Lesson 10 - Stepping Up With Evangelism - Sunday Morning Bible Class
DjzFzwjsn1M	20190303	3763		no	King Me or King Jesus  - Sunday Morning Worship -
6SSO4i08EjA	20190228	2645		no	Stepping Up As Individuals -  Wednesday Evening Bible Class
FuHQlG816Jc	20190225	4581		no	The Boy King - Josh Collier - Sunday Morning Worship
MgFZUHMsvh4	20190225	3417		no	Sunday Evening Worship - Singing
N83IhfAz_vg	20190218	3282		no	The Kingdom Of Jesus  - Sunday Evening Worship
CHuzlhGyLuE	20190217	4119		no	Out Of The Depths - Sunday Morning Worship
eFDTzKSn9gU	20190214	2644		no	When Philip Went Down to Samaria - Sunday Evening Worship
B637RTXH0j0	20190211	3116		no	When Philip Went Down to Samaria - Sunday Evening Worship
4_6Fz4Ktp9I	20190210	2946		no	Lesson 7 - Stepping Up With Evangelism - Sunday Morning Bible Class
fUek7aPSpVA	20190210	4659		no	Stepping Up In Meditation - Sunday Morning Worship
4ZT8osKQ8p8	20190207	2601		no	Stepping Up As Adults  - Wednesday Evening Bible Class
jBrQ_1lqKMo	20190204	2902		no	Understanding Bible Translations - Sunday PM Sermon
qJeRqdrfdi4	20190127	4629	Shawn Jeffries	no	Stepping Up In Our Worship  -  Sunday Morning Worship
_VXw0uJZvS8	20190124	2457	Lee Nicholson	no	Lesson 4 - Stepping Up As Individuals  -  Wednesday Night Worship
AjdV8gLa4ZI	20190120	2582		no	Stepping Up With Evangelism  -  Sunday Morning  Bible Class
AuNGjcOKSR0	20190120	3694	Matt Bassford	yes	Stepping Up In Bible Reading  -  Sunday Morning  Worship
DtVDpzB8la0	20190117	2658		no	Stepping Up As individuals - Wednesday Night Bible Class
FdsFXqR1vs0	20190114	3190		no	Finishing The Race   - Sunday Evening Worship -
0u8kKCn01xs	20190107	3365	Matt Bassford	yes	Finding God In The New Year - Sunday Evening Worship
558EcF85aWk	20190106	2941		no	Lesson 2 - Stepping Up With Evangelism - Sunday Morning Bible Class
f0uE0NcUjPs	20190103	2616		no	Lesson 1 - Stepping Up As Individuals - Wednesday Evening Bible Class
KsDIZhBqUts	20181230	3708	Shawn Jeffries	no	Revival - Sunday Morning Worship -
XGRrBsdM-3A	20181230	4366	Shawn Jeffries	no	Revival - Sunday Morning Worship -
51hGekJndzs	20181224	2776	Matt Bassford	yes	The Servant of the Lord - Sunday Evening Worship
E_EMYupSPoM	20181223	2993	Doug Arney	no	Lesson 12 - Toward Spiritual Maturity - Sunday Morning Bible Class
NQSW7NB35hk	20181223	4954		no	Beyond the Birth of Jesus - Sunday Morning Worship
4Jf7pKnop6g	20181216	3666	Matt Bassford	yes	The Godly Giver - Sunday Morning Service
Nqx6XpldTHA	20181216	32		no	Fall Focus Series 2018 - Rahab
2Otw8fs4q3M	20181213	3249		no	Fall Focus Series 2018 - Rahab
IBanhualGwk	20181209	2701	Doug Arney	no	Lesson 11 - Toward Spiritual Maturity - Sunday Morning Bible Class
aYSinDb9WZw	20181209	4735	Shawn Jeffries	no	A Story of Non conversion - Sunday Morning Worship -
5JJJLIMWTBg	20181206	3281	Mike Young	no	Fall Focus Series 2018 - Jacob
JdB4x68tDQ4	20181202	2986	Doug Arney	no	Lesson 10 - Toward Spiritual Maturity - Sunday Morning Bible Class
gWvgQ8P2bfM	20181202	4567	Matt Bassford	yes	Psalm 22 - Sunday Morning Worship
Jlzl-ASbP7s	20181129	3353	Josh Tolbert	no	Fall Focus Series 2018 - Moses
HJXqbHpMVxo	20181125	1896	Doug Arney	no	Lesson 09- Toward Spiritual Maturity - Sunday Morning Bible Class - part 2
Nh5UNJUOkeg	20181125	4680	Shawn Jeffries	no	The Faithfulness of God - Sunday Morning Worship
XuadRlwwMcA	20181125	5254		no	Congregational Singing  - Sunday Evening Worship
bjW2iEIFZ5U	20181125	617	Doug Arney	no	Lesson 09- Toward Spiritual Maturity - Sunday Morning Bible Class
2dn--iJKbdc	20181122	3305	Rufus Clifford III	no	Fall Focus Series 2018 - Abel and Enoch
fjnSz1tpigs	20181119	3630	Matt Bassford	yes	The Joy Set Before Him
7fl8dKYbRuE	20181118	4264	Matt Bassford	yes	Faithfulness, not Perfection - Sunday Morning Worship
bf--GEZQYlA	20181115	2647		no	Fall Focus Series 2018 - Sarah
iJvmOYexhHY	20181111	2932	Doug Arney	no	Lesson 9 - Toward Spiritual Maturity - Sunday Morning Bible Class
mglZ4skko1U	20181111	4885	Shawn Jeffries	no	Sunday Morning Worship -  The Forgiveness of God
aK6gr4Krots	20181105	3444	Matt Bassford	yes	Sunday Evening Worship - Church Discipline and the Christian
dA6zbjxbwfU	20181104	4344	Matt Bassford	yes	Sunday Morning Worship - Jesus' Powerful Sacrifice
C5XiEX4q5P4	20181102	3228		no	Fall Focus Series 2018 - Desiring A Better Country
8kCcp-640Go	20181029	4797	Shawn Jeffries	no	Jackson Heights - Sunday Morning Worship -  The Rich Young Ruler
v9ORN7f2ap0	20181028	3108		no	Jackson Heights - Sunday Evening Worship - Singing
A0i3Uh6PJo8	20181025	2368	Doug Arney	no	Fall Focus Series 2018 - Noah
IttzHF4BqZE	20181021	4983	Shawn Jeffries	no	Sunday Morning Worship - How Did Jesus View The Sriptures
clFHmg9W4xY	20181015	4516		no	Having A Focused Marriage In A Busy World
O9TP9RrCvbY	20181014	5202		no	The #1 Intimacy In Marriage
Mfm_BSzu7-0	20181011	2802		no	Fall Focus Series 2018 - Abraham and Isaac
WR57aVnfDsM	20181007	3476	Matt Bassford	yes	Sunday Evening Worship - I Will Call Upon the Lord
wOLjejINbuQ	20181007	4358	Matt Bassford	yes	Sunday Morning Worship -  Christians and the Internet
X7qiBWLQpEI	20180930	2776		no	Young Men's Service - Jackson Heights - Sunday Evening Worship
fmcJrxTrd9E	20180927	2479	Matt Bassford	yes	Jackson Heights -  Bible Class - Philippians
gtEtR8xHQb0	20180924	4115	Shawn Jeffries	no	Jackson Heights - Sunday Evening Worship -Seeing the Lost as God Sees
CCTakLCu9Fc	20180920	2745	Matt Bassford	yes	Jackson Heights -  Bible Class - Philippians
G1nbI4H-viM	20180916	3320	Matt Bassford	no	Jackson Heights - Sunday Evening Worship -  The Importance of Seeing as God Sees
W6pk-K53x0k	20180916	5189	Shawn Jeffries	no	Jackson Heights - Sunday Morning Worship -  Commended By The Lord
_045wNfRhuU	20180916	2919	Shawn Jeffries	no	Jackson Heights -  Bible Class - Joshua
ciGBqe7VKJs	20180913	2588	Matt Bassford	yes	Jackson Heights -  Bible Class - Philippians
B2aLJCJaGY0	20180909	4530	Matt Bassford	yes	Jackson Heights - Sunday Morning Worship -  Who Will Go To Heaven
JInTv6paxY8	20180909	3628	Shawn Jeffries	no	Jackson Heights - Sunday Evening Worship  -  The Young And Old Prophet
JagtO7f4ixw	20180909	2965	Shawn Jeffries	no	Jackson Heights -  Bible Class - Joshua
NyuJQC1FSsw	20180902	3597	Michael Fedders	no	Jackson Heights - Sunday Evening Worship - Report On Work In the Republic On Georgia
fAzGZunInVI	20180902	4492	Shawn Jeffries	no	Jackson Heights - Sunday Morning Worship - The Way, The Truth, and The Life
9_5VtceIDzw	20180830	2642	Matt Bassford	yes	Jackson Heights -  Bible Class - Philippians
C8jratY_fag	20180827	3376		no	Jackson Heights - Sunday Evening Worship - Singing
V3ct1v78kMo	20180826	2968	Shawn Jeffries	no	Jackson Heights -  Bible Class - Joshua
hiOFlfx_mME	20180826	5002	Matt Bassford	yes	Jackson Heights - Sunday Morning Worship - John's Vision of Heaven
ErwkXy9VUXM	20180823	405		no	Jackson Heights -  Bible Class - Philippians
t2Re8Pgfo5I	20180820	3298	Shawn Jeffries	no	Jackson Heights - Sunday Morning Worship - Consider Your Ways
MbIaItjMGfA	20180819	3017	Matt Bassford	yes	Jackson Heights - Sunday Evening Worship - Sun Of My Soul
CFDnNY87um8	20180816	2762	Matt Bassford	yes	Jackson Heights - Sunday Evening Worship - Sun Of My Soul
vdc_UAVNuYE	20180813	3520	Matt Bassford	yes	Jackson Heights - Sunday Evening Worship - Sun Of My Soul
Cm-FB4Mi1Xs	20180812	5153	Shawn Jeffries	no	Jackson Heights - Sunday Morning Worship - Four Questions About The Return Of Jesus
vdc_UAVNuYE	20180812	3520	Matt Bassford	yes	Jackson Heights - Sunday Evening Worship - Sun Of My Soul
n4J8dW4YT_o	20180809	2719	Matt Bassford	yes	Jackson Heights -  Bible Class - Philippians
C34YH3pubSg	20180806	3654	Matt Bassford	yes	Jackson Heights - Sunday Evening Worship -  Grace And Good Works
3hDggBu7Gr4	20180805	3834	Matt Bassford	yes	Jackson Heights - Sunday Morning Worship -  Women and Wine
AR3W2hCIHbM	20180805	2834	Matt Bassford	yes	Jackson Heights -  Bible Class - Joshua
n7WYpSGPB20	20180802	2658	Matt Bassford	yes	Jackson Heights -  Bible Class - Philippians
Gh3tmOJ-75c	20180730	4105		no	Jackson Heights - Sunday Evening Worship -  Young Men's Service
MM4EFfmEVDA	20180729	2950	Shawn Jeffries	no	Jackson Heights -  Bible Class - Joshua
j94oil9PVAY	20180729	4575	Shawn Jeffries	no	Jackson Heights - Sunday Morning Worship -  The Powerful Word Of God
iWbyUoTb9J4	20180728	5955		no	Jackson Heights -  2018 GOSPEL SINGING
FDttt4A3Whw	20180726	2745	Matt Bassford	yes	Jackson Heights -  Bible Class - Philippians
Bh-b6qVHXQI	20180722	2766	Shawn Jeffries	no	Jackson Heights - Sunday Morning Worship -
mP5zmhEkvgE	20180722	4261	Shawn Jeffries	no	Jackson Heights - Sunday Morning Worship - The Treasurer's Journey To Jesus
HMVbk1EJJQA	20180719	2945	Matt Bassford	yes	Jackson Heights -  Bible Class - Philippians
mBkTb5t4kZ0	20180716	3613	Matt Bassford	yes	Jackson Heights - Sunday Evening Worship - How To Judge
C3mZ8AtpF88	20180712	2563	Shawn Jeffries	no	Jackson Heights - Bible Class - Philippians
bKPCyO_CttE	20180709	3974	Shawn Jeffries	no	Jackson Heights - Sunday Evening Worship - Achan's Sin
hbHkUYEN-Jc	20180708	4732	Matt Bassford	no	Jackson Heights - Sunday Morning Worship - Why Do The Righteous Suffer
jGluMgQ7Tf0	20180708	3038	Shawn Jeffries	no	Jackson Heights -  Bible Class - Joshua
0pF6QPKNcRs	20180701	1811	Shawn Jeffries	no	Jackson Heights - When Israel Gathered Outside the Water Gate
2RmdGFZ0LSk	20180701	2188	Matt Bassford	yes	Jackson Heights - What Is Covetousness
O2snOeHdNYA	20180701	26		no	Jackson Heights - VBS - Wednesday Evening - Generosity
mpWUY6AucZU	20180627	4014		no	Jackson Heights - VBS - Tuesday Evening  - Love's Mercy And Compassion
0rerAP-zcQo	20180626	4199		no	Jackson Heights - VBS - Monday Evening  - Learning To Be Humble
6yQBsiXBtp8	20180624	4330		no	Jackson Heights - VBS - Sunday Evening Worship - A Dramatic Demonstration of Repentance
_jML9RCa1YM	20180624	3540		no	Jackson Heights - VBS - Sunday Morning Worship - Jesus Is Not Here, But
5_wIRhHjYtw	20180617	3412	Shawn Jeffries	no	Jackson Heights - Sunday Evening Worship -  What Should A Father Want His Kids To Remember
E1UwIMNt7FM	20180617	3146	Matt Bassford	yes	Jackson Heights -  Bible Class - Study Of Romans
KdycDGgjuI0	20180617	4234	Matt Bassford	yes	Jackson Heights - Sunday Morning Worship -  Bearing with and Forgiving
o9rvoYVBee0	20180614	2695	Shawn Jeffries	no	Jackson Heights -  Bible Class - The Exodus
4g11f7OiTQ8	20180610	4801	Shawn Jeffries	no	Jackson Heights - Sunday Morning Worship - Bear One Another's Burdens
P8QqYkpHWII	20180610	3477	Matt Bassford	yes	Jackson Heights - Sunday Evening Worship - The Superiority Of The Son
7zuE8VV4BnU	20180603	4609	Matt Bassford	yes	Jackson Heights - Sunday Morning Worship -Encourage One Another
VZ_ZyR5gzlM	20180603	3568	Shawn Jeffries	no	Jackson Heights - Sunday Evening Worship - Restore One Another
TNq8c3b-tOg	20180531	2669	Shawn Jeffries	no	Jackson Heights -  Bible Class - The Exodus
NyOwmK9vYyA	20180527	3083		no	Jackson Heights - Sunday Evening Worship - Congregational Singing
SUU3uWYV-n4	20180527	4731	Shawn Jeffries	no	Jackson Heights - Sunday Morning Worship - Serving One Another
ElxgTBRXX80	20180520	3208	Matt Bassford	yes	Jackson Heights - Sunday Morning Worship -  Heaven Bound Together
W1t9QL_jvfU	20180520	4432	Shawn Jeffries	no	Jackson Heights - Sunday Evening Worship - The King Of Many Failures
gqlFNXVLXCE	20180513	3188	Matt Bassford	yes	Jackson Heights - Sunday Evening Worship -  Grace Filled Living
idopvjwb-GU	20180513	2953	Matt Bassford	no	Jackson Heights -  Bible Class - Study Of Romans
xoG8r7q4hiQ	20180513	2494	Shawn Jeffries	no	Jackson Heights - Sunday Morning Worship -  Why Honor Mom
nVu6e0B6zVs	20180510	2764	Shawn Jeffries	no	Jackson Heights -  Bible Class - The Exodus
H8wQiwPISNI	20180506	3448	Matt Bassford	yes	Jackson Heights - Sunday Evening Worship -  Pharaoh's Hard Heart
jQDHplUkO4k	20180506	9	Shawn Jeffries	no	Jackson Heights -  Bible Class - The Exodus
hbYH4VJF3cs	20180503	2457	Shawn Jeffries	no	Jackson Heights -  Bible Class - The Exodus
BUAyQjDGrqA	20180429	4914	Shawn Jeffries	no	Jackson Heights - Sunday Morning Worship - When Men Forget About God
mNOtquGAksE	20180429	1668		no	Jackson Heights - Sunday Evening Worship - Young men's Service
4M8ng2A9-U4	20180426	2843	Shawn Jeffries	no	Jackson Heights -  Bible Class - The Exodus
0YXMXU-MDb4	20180422	3769	Shawn Jeffries	no	Jackson Heights - Sunday Evening Worship -  Learning from Pauls Thorn
dyr48985Ecw	20180422	2945	Shawn Jeffries	no	Jackson Heights -  Bible Class - The Exodus
9a3u7w9hHGg	20180419	2706	Shawn Jeffries	no	Jackson Heights -  Bible Class - The Exodus
3NvDUbsvdFw	20180415	3024	Shawn Jeffries	no	Jackson Heights - Sunday Morning Worship -
4_G4AWBeWz0	20180415	4623	Matt Bassford	yes	Jackson Heights - Sunday Morning Worship -  Victory In Jesus
j1kVDGAS0uE	20180415	3833	Shawn Jeffries	no	Jackson Heights - Sunday Evening Worship - Are You Heaven Bound
0Tu34AJrWjQ	20180408	2982	Shawn Jeffries	no	Jackson Heights -  Bible Class - Study Of Romans
aULtmXOW02g	20180408	3135	Matt Bassford	yes	Jackson Heights - Sunday Evening Worship - Overcoming Fear
eYtywSM65wk	20180408	4883	Shawn Jeffries	no	Jackson Heights - Sunday Morning Worship - The Day of Our Resurrection
W3diDQMRV0Q	20180401	3009	Matt Bassford	yes	Jackson Heights -  Bible Class - Study Of Romans
jxIhcgGI66Q	20180401	3192	Matt Bassford	yes	Jackson Heights - Sunday Evening Worship - Answering Common Challenges
5GgDcBOb9uo	20180325	3550		no	Jackson Heights -  Sunday PM Worship Service - Singing
5IMuMU4WDtI	20180325	2830		no	Jackson Heights -  Sunday AM Bible Study
n2pmfSGeXig	20180325	4746	Shawn Jeffries	no	Jackson Heights -  Sunday AM Worship Service - If Christ Has Not Been Raised
JdXbiZNJDIY	20180318	4952	Matt Bassford	yes	Jackson Heights -  Sunday AM Worship Service - Resurrection Objections
WXtD5ieMXMM	20180318	2842		no	Jackson Heights -  Sunday AM  Bible Class
0gwhvJzIVI4	20180311	3020		no	Jackson Heights -  Sunday AM  Bible Study -
nYlMLhOvjxk	20180311	3485	Matt Bassford	yes	Jackson Heights -  Sunday PM  Worship Service - Doors Of Opportunity
_G4E87SSLzc	20180305	3247	Matt Bassford	yes	Jackson Heights -  Sunday PM Worship Service - Why Should I Be Baptized
FSlWbfRdo3s	20180304	3071		no	Jackson Heights Live Stream - Sun AM Bible Class
vM8vLaxU5nE	20180225	4155		no	Jackson Heights Live Stream - Sunday AM Worship - Singing
vZnvOed5_Xw	20180218	2272	Shawn Jeffries	no	Jackson Heights Live Stream -  Sunday PM Service
5abwFnAghDw	20180211	4882	Shawn Jeffries	no	Jackson Heights Live Stream -  AM Service - Heaven Bound for Youth
Cj9qig5y030	20180211	3043	Charlie Norman	no	Jackson Heights Live Stream - 2/11/18 Life Of Paul
VeRdrM5IRL8	20180211	498	Matt Bassford	no	Jackson Heights Live Stream -  PM Service - Nadab and Abihu
1jGP6ENfGXw	20180205	2009	Shawn Jeffries	no	Jackson Heights Live Stream - Manna from Heaven
mw1sgA_YxMQ	20180122	2114	Matt Bassford	yes	Jackson Heights Live Stream - Why Song Worship Matters
COXDwKJWOx8	20180121	1796	Matt Bassford	yes	Jackson Heights Live Stream - Heaven Bound for the Singles
H-kk-qStTOI	20180115	2025	Matt Bassford	no	Jackson Heights Live Stream - Problems With Worship
rqd7jQNS98g	20180114	1852	Shawn Jeffries	no	Jackson Heights Live Stream - Heaven Bound for the Married
bCudFqSsmFc	20180104	2256	Michael Youngblood	no	Jackson Heights Fall Focus Live Stream - Mary Magdalene
66QxRbwVSs0	20180101	3196	Charlie  Norman	no	Jackson Heights Live Stream - Young Men's Service 31Dec2017
EP7d1pbNjJI	20171225	2144	Matt Bassford	yes	Jackson Heights Live Stream - The Names Of Jesus - Part 2
NPYVoh5LSf4	20171221	1612	Mitch Stevens	no	Jackson Heights Live Stream - Andrew
76cu2F-JCG8	20171214	1942	Drew Norman	no	Jackson Heights Fall Focus Live Stream: John Mark
FiPQygJP35Q	20171210	4	Lonnie Oldag	no	Jackson Heights Fall Focus  Live Stream:  James The Lord's Brother
mQSDQHnat_Q	20171210	2204	Shawn Jeffries	no	Jackson Heights Live Stream:  Solomon's Quest
z0hVXEGX2PM	20171207	2482	Lonnie Oldag	no	Jackson Heights Fall Focus  Live Stream:  James The Lord's Brother
fxta2Wa38OI	20171204	2331	Shawn Jeffries	no	Jackson Heights Live Stream:  Key Signposts to Understanding Revelation
MnSg9G8X1sc	20171203	1800	Matt Bassford	yes	Jackson Heights Live Stream:  Outsourcing Discipleship
-X4zMRFa_l8	20171130	1948	J.D. Griffin	no	Jackson Heights Live Stream:  Aquilla and Priscilla
EnvZmM05GZA	20171126	1317	Matt Bassford	yes	Jackson Heights Live Stream: Bible Opposites T hat Arent
lwkT4XBcnwc	20171123	2454	Adam Pogue	no	Jackson Heights Fall Focus Live Stream: Philip The Evangelist
hxARNICSPFs	20171120	2230	Charlie Norman	no	Jackson Heights Live Stream: Dominica Report
5eqjZXNaIDA	20171119	1759	Matt Bassford	yes	Jackson Heights Live Stream: The "Why" of Obedience
_YjpeLUyNos	20171109	2380	Ronald Stringer	no	Jackson Heights Fall Focus Live Stream: The Phillipian Jailer
aCkGEUK6kg8	20171029	2421	Shawn Jeffries	no	Jackson Heights Live Stream: Who Are You? (Romans 6: 3-7)
aXRwCOdpdt0	20171026	2603	Jeff Archer	no	Jackson Heights Fall Focus Live Stream:
J716qjrxwEI	20171019	2438	Ben Prasser	no	Jackson Heights Live Stream Fall Focus Series: The Samaritian Woman
eoDBEzQ563s	20171015	2219	Shawn Jeffries	no	Jackson Heights Live Stream: The Gods of Egypt ( Exodus 12:12)
Wn3cT7vsk38	20171012	1460	Michael Fedders	no	Jackson Heights Live Stream: Fall Focus Series 2017 Cornelius
_FDM4hUrXzs	20171005	2409	Lee Wildman	no	Jackson Heights Live Stream: Mary (The Mother Of Jesus)
1SU9Rt0A7hs	20171001	2220	Shawn Jeffries	no	Jackson Heights Live Stream: Forgotten Things About Samson (Judges 13-16)
NcKpGK_H5OA	20171001	2161	Shawn Jeffries	no	Jackson Heights Live Stream: In The Beginning (John 1:1-4)
v4JCmsq_mEQ	20170924	2240	Shawn Jeffries	no	Jackson Heights Live Stream: Accomplishing the goal ( Philippians 3:7-14)
0I8fMmj9F38	20170917	2397	Shawn Jeffries	no	Jackson Heights Live Stream: Can We Trust the Bible (Matthew 10:28)
DgDiq7CJrQc	20170910	1860	Shawn Jeffries	no	Jackson Heights Live Stream: 3 Important Questions (Genesis 3:1-13)
mMhiV62zkCo	20170910	3357	Shawn Jeffries	no	Jackson Heights Live Stream: The Bible Fact or Fiction?
WbPw9npOWks	20170903	2106	Shawn Jeffries	no	Jackson Heights Live Stream: The Awesome God
fb4w7QjP2Dg	20170827	2203	Shawn Jeffries	no	Jackson Heights Live Stream: The Unfinished Story ( Acts 28:30-31 )
ZGiny5f6tv0	20170820	2307	Shawn Jeffries	no	Jackson Heights Live Stream: Church Growth the Lord's Way ( Acts 9:31 )
dwcVzjvo3aI	20170820	1950	Shawn Jeffries	no	Jackson Heights Live Stream: Church Growth the Lord's Way ( Acts 9:31 )
hE9jl4tmyfU	20170806	1673	Matt Bassford	yes	Jackson Heights Live Stream: Worldliness
mz_tkrVY36Q	20170806	1980	Matt Bassford	yes	Jackson Heights Live Stream: Worldliness
acC1IttmXeE	20170730	3242	Shawn Jeffries	no	Jackson Heights Live Stream: Youn Men's Service
hXWCXImDY5I	20170723	2263	Shawn Jeffries	no	Jackson Heights Live Stream: Things To Remember When You Mess Up ( Luke 22:13-32 )
N62UYqnp0YE	20170716	1975	Dr. Rufus Clifford	no	Jackson Heights Live Stream:
xb4__3WMrbI	20170716	1964	Charlie Norman	no	Jackson Heights Live Stream: Dominica Report
gD2tkZsLtxU	20170709	2307	Shawn Jeffries	no	Jackson Heights Live Stream: The Call To Be Different (1 Peter 1:13-16)
8ManMGxOowA	20170702	2308	Shawn Jeffries	no	Jackson Heights Live Stream: Freedom (Galatians 5:1)
kwxb8EBU2xw	20170629	2832	Rufus Clifford III	no	Jackson Heights Live Stream: VBS: TrailBlazers For The Faith: John The Baptist
WK_kF5XCzpE	20170627	2538	Rufus Clifford III	no	Jackson Heights Live Stream: VBS: TrailBlazers For The Faith: Daniel
1cebauJQ7QQ	20170625	2165	Rufus Clifford III	no	Jackson Heights Live Stream: Preacher Report, Rufus Clifford III, Elijah
5fSj2_Yk3Uo	20170625	1867	Rufus Clifford III	no	Jackson Heights Live Stream: Preacher Report, Rufus Clifford III, Sun AM
arGH-hkLI0Q	20170625	18	Rufus Clifford III	no	Jackson Heights Live Stream: Preacher Report
xlGaHwPXq_0	20170625	1390	Rufus Clifford III	no	Jackson Heights Live Stream: Preacher Report, Rufus Clifford III, Jacob
BAoLgCRLMJg	20170618	1116	Lee Nicholson	no	Jackson Heights Live Stream: It Is Not About Me, Or You (2 Kings 5:1-19)
XEiPkm6LLWw	20170618	2098	Ronald Roark	no	Jackson Heights Live Stream: Preacher Report
S5IQUMsj4Gs	20170611	1767	Charlie Norman	no	Jackson Heights Live Stream: Christian Attitudes in This Crazy Political Climate
2zHq5n96MdM	20170604	2529	Shawn Jeffries	no	Jackson Heights Live Stream: When God Visited His People (Luke 7:11-17)
aofvUvC-gzw	20170604	2580	Shawn Jeffries	no	Jackson Heights Live Stream: One Heart and Soul (Acts 4:32)
f5AbNAe_6pI	20170528	2427	Shawn Jeffries	no	Jackson Heights Live Stream: All In Respecting the Silence of God (Hebrews 7:14)
GtCZ80dUaVU	20170521	2448	Shawn Jeffries	no	Jackson Heights Live Stream: All In for How God Authorizes (John 12:48; Acts 2:42; 2 John 9)
tkUvODg46Cw	20170514	2175	Shawn Jeffries	no	Jackson Heights Live Stream: Life as the Mother of Moses
Bay4Au_o8HI	20170507	2265	Shawn Jeffries	no	Jackson Heights Live Stream: The Kingdom Of Heaven Is like... (Matthew 13)
_3EJ24GHUX8	20170507	2379	Shawn Jeffries	no	Jackson Heights Live Stream: All In for Heaven's Authority  (Matthew 21:23-27)
-ZhyP-HWlw8	20170430	2934		no	Jackson Heights Live Stream: April Young Mens Service
MePZVmoILMQ	20170430	2556	Shawn Jeffries	no	Jackson Heights Live Stream: All In For God's Authority ( Matthew 28:18 )
V0WNAuL5Bcw	20170423	2070	Shawn Jeffries	no	Jackson Heights Live Stream: The Two Paths (Matthew 7: 13-14)
3bPK5hwqZo8	20170416	2356	Shawn Jeffries	no	Jackson Heights Live Stream: The Tragic Story of Absalom (2 Samuel)
8y4XrjVKG_M	20170409	2303	Shawn Jeffries	no	Jackson Heights Live Stream:  When Zaccheus Meets Jesus (Luke 19:1-10)
H-1vbtYGecI	20170402	2347	Shawn Jeffries	no	Jackson Heights Live Stream:  God Wants Christians to Grow!
Hu1T6g-lxK0	20170402	2175	Shawn Jeffries	no	Jackson Heights Live Stream:  The Challenge of Rejection
NI2VGkq8cK0	20170326	3761	Shawn Jeffries	no	Jackson Heights Live Stream:  March Congregational Singing
5JSTAFUx8q0	20170319	2358	Shawn Jeffries	no	Jackson Heights Live Stream: The Charges of Jude (Jude)
DeB3nNC34uI	20170312	2407	Shawn Jeffries	no	Jackson Heights Live Stream: Defeating the Problem of Worry (Matthew 6:25-34)
ez85FWrImq0	20170312	2539	Shawn Jeffries	no	Jackson Heights Live Stream: Habakkuk's Converstation with God  (Habakkuk)
db0ikbeekRE	20170305	2241	Shawn Jeffries	no	Jackson Heights Live Stream: The Rich Man and Lazarus (Luke 16:19-31)
44ycUb42xts	20170227	3522		no	Jackson Heights Live Stream: Singing
mHaAuhnnQ5o	20170219	1944	Philip Russel	no	Jackson Heights Live Stream: All In Evangelism (Matthew 28:16-20)
lM-zqPffVo0	20170213	2516	Shawn Jeffries	no	Jackson Heights Live Stream: The Giant Killer (Numbers 14:24)
_DDqz_55cbg	20170212	2309	Shawn Jeffries	no	Jackson Heights Live Stream: All In Service
DBzafvzylQI	20170130	2485		no	Jackson Heights Live Stream: Young Men's  Service
N3Vh8sBkPTY	20170123	2234	Shawn Jeffries	no	Jackson Heights  Live Stream : The Relevance of 1 Thessalonians
MHNT71Dp9yw	20170122	2479	Shawn Jeffries	no	Jackson Heights  Live Stream : All In Faith
iIOIAhxsUo0	20170116	2264	Shawn Jeffries	no	Jackson Heights  Live Stream : Jesus of Nazareth
Xobs719s4H0	20170115	2416	Shawn Jeffries	no	Jackson Heights  Live Stream : Saul's Failures
4Ku6jeyyIG8	20170102	2475	Shawn Jeffries	no	Jackson Heights  Live Stream : 2017 Daily Bible Reading Challenge
dZaGol16QjQ	20170101	2478	Charlie Norman	no	Jackson Heights  Live Stream : Elder's Vision for 2017
QkfFPJnkuJA	20161229	1793	Mike Richardson	no	Jackson Heights  Live Stream : Great Promise
8KsTNR6D1As	20161226	3119	Doug Arney	no	Jackson Heights  Live Stream : Singing
bv06JZAyjkM	20161225	2032	Shawn Jeffries	no	Jackson Heights  Live Stream : Gifts From God
vhlEGp8gTvc	20161222	1652	Tim Ruffin	no	Jackson Heights  Live Stream : Great Cloud of Witnesses
-IgB9dtFAvo	20161219	2300	Shawn Jeffries	no	Jackson Heights  Live Stream : When God Answers Prayers
28hvaUdYNEU	20161215	2655		no	Jackson Heights  Live Stream
